Date,AUD
30/11/2018,1.5565
29/11/2018,1.5525
28/11/2018,1.5595
27/11/2018,1.5631
26/11/2018,1.5664
23/11/2018,1.5708
22/11/2018,1.5721
21/11/2018,1.5725
20/11/2018,1.5712
19/11/2018,1.566
16/11/2018,1.5623
15/11/2018,1.5564
14/11/2018,1.5657
13/11/2018,1.5628
12/11/2018,1.5623
09/11/2018,1.5663
08/11/2018,1.5668
07/11/2018,1.575
06/11/2018,1.5789
05/11/2018,1.5803
02/11/2018,1.584
01/11/2018,1.5857
31/10/2018,1.5972
30/10/2018,1.6025
29/10/2018,1.6061
26/10/2018,1.6142
25/10/2018,1.6095
24/10/2018,1.6067
23/10/2018,1.6243
22/10/2018,1.6185
19/10/2018,1.6065
18/10/2018,1.6119
17/10/2018,1.619
16/10/2018,1.6243
15/10/2018,1.6231
12/10/2018,1.6236
11/10/2018,1.6314
10/10/2018,1.6206
09/10/2018,1.6203
08/10/2018,1.6242
05/10/2018,1.627
04/10/2018,1.6234
03/10/2018,1.6146
02/10/2018,1.6081
01/10/2018,1.607
28/09/2018,1.6048
27/09/2018,1.62
26/09/2018,1.6202
25/09/2018,1.6234
24/09/2018,1.6187
21/09/2018,1.6154
20/09/2018,1.6158
19/09/2018,1.6109
18/09/2018,1.6244
17/09/2018,1.6258
14/09/2018,1.626
13/09/2018,1.6167
12/09/2018,1.6268
11/09/2018,1.631
10/09/2018,1.6257
07/09/2018,1.6219
06/09/2018,1.6164
05/09/2018,1.6144
04/09/2018,1.6091
03/09/2018,1.6109
31/08/2018,1.6129
30/08/2018,1.6015
29/08/2018,1.5989
28/08/2018,1.5924
27/08/2018,1.5886
24/08/2018,1.5868
23/08/2018,1.5888
22/08/2018,1.5785
21/08/2018,1.5657
20/08/2018,1.5631
17/08/2018,1.567
16/08/2018,1.5647
15/08/2018,1.5669
14/08/2018,1.5696
13/08/2018,1.567
10/08/2018,1.5675
09/08/2018,1.5626
08/08/2018,1.5647
07/08/2018,1.5599
06/08/2018,1.5629
03/08/2018,1.5689
02/08/2018,1.5781
01/08/2018,1.5767
31/07/2018,1.5804
30/07/2018,1.5795
27/07/2018,1.5765
26/07/2018,1.5792
25/07/2018,1.5766
24/07/2018,1.5797
23/07/2018,1.5821
20/07/2018,1.5818
19/07/2018,1.5804
18/07/2018,1.5794
17/07/2018,1.581
16/07/2018,1.5773
13/07/2018,1.5764
12/07/2018,1.5778
11/07/2018,1.5869
10/07/2018,1.5739
09/07/2018,1.5755
06/07/2018,1.5809
05/07/2018,1.5821
04/07/2018,1.5763
03/07/2018,1.5761
02/07/2018,1.5825
29/06/2018,1.5787
28/06/2018,1.5778
27/06/2018,1.5725
26/06/2018,1.5778
25/06/2018,1.5742
22/06/2018,1.5681
21/06/2018,1.5664
20/06/2018,1.5688
19/06/2018,1.5695
18/06/2018,1.561
15/06/2018,1.5518
14/06/2018,1.5514
13/06/2018,1.5506
12/06/2018,1.5506
11/06/2018,1.5501
08/06/2018,1.5496
07/06/2018,1.5457
06/06/2018,1.5365
05/06/2018,1.5335
04/06/2018,1.5311
01/06/2018,1.5494
31/05/2018,1.5414
30/05/2018,1.5409
29/05/2018,1.5366
28/05/2018,1.541
25/05/2018,1.5424
24/05/2018,1.5519
23/05/2018,1.5544
22/05/2018,1.5543
21/05/2018,1.5619
18/05/2018,1.5673
17/05/2018,1.5681
16/05/2018,1.5741
15/05/2018,1.5857
14/05/2018,1.5861
11/05/2018,1.5801
10/05/2018,1.5865
09/05/2018,1.5923
08/05/2018,1.5929
07/05/2018,1.5882
04/05/2018,1.5915
03/05/2018,1.5926
02/05/2018,1.5987
30/04/2018,1.6013
27/04/2018,1.5975
26/04/2018,1.607
25/04/2018,1.6118
24/04/2018,1.6038
23/04/2018,1.601
20/04/2018,1.5983
19/04/2018,1.5892
18/04/2018,1.5953
17/04/2018,1.591
16/04/2018,1.5928
13/04/2018,1.5801
12/04/2018,1.5893
11/04/2018,1.598
10/04/2018,1.5976
09/04/2018,1.605
06/04/2018,1.5934
05/04/2018,1.594
04/04/2018,1.5978
03/04/2018,1.5994
29/03/2018,1.6036
28/03/2018,1.6132
27/03/2018,1.607
26/03/2018,1.6048
23/03/2018,1.5978
22/03/2018,1.5974
21/03/2018,1.5994
20/03/2018,1.5934
19/03/2018,1.5994
16/03/2018,1.586
15/03/2018,1.5735
14/03/2018,1.5644
13/03/2018,1.5683
12/03/2018,1.5641
09/03/2018,1.5772
08/03/2018,1.5912
07/03/2018,1.5909
06/03/2018,1.584
05/03/2018,1.5887
02/03/2018,1.5885
01/03/2018,1.5746
28/02/2018,1.5637
27/02/2018,1.5698
26/02/2018,1.571
23/02/2018,1.572
22/02/2018,1.5699
21/02/2018,1.5684
20/02/2018,1.5648
19/02/2018,1.5676
16/02/2018,1.5695
15/02/2018,1.5757
14/02/2018,1.5707
13/02/2018,1.5715
12/02/2018,1.5645
09/02/2018,1.5721
08/02/2018,1.5694
07/02/2018,1.5684
06/02/2018,1.5728
05/02/2018,1.5664
02/02/2018,1.563
01/02/2018,1.5567
31/01/2018,1.5357
30/01/2018,1.5345
29/01/2018,1.5302
26/01/2018,1.538
25/01/2018,1.5358
24/01/2018,1.531
23/01/2018,1.5365
22/01/2018,1.5287
19/01/2018,1.5302
18/01/2018,1.5311
17/01/2018,1.5314
16/01/2018,1.5379
15/01/2018,1.5434
12/01/2018,1.5417
11/01/2018,1.5281
10/01/2018,1.5289
09/01/2018,1.5242
08/01/2018,1.5289
05/01/2018,1.5361
04/01/2018,1.5398
03/01/2018,1.5339
02/01/2018,1.5413
29/12/2017,1.5346
28/12/2017,1.533
27/12/2017,1.5316
22/12/2017,1.5358
21/12/2017,1.5451
20/12/2017,1.5427
19/12/2017,1.5406
18/12/2017,1.5392
15/12/2017,1.5382
14/12/2017,1.5452
13/12/2017,1.5503
12/12/2017,1.5541
11/12/2017,1.5674
08/12/2017,1.562
07/12/2017,1.5682
06/12/2017,1.5565
05/12/2017,1.5512
04/12/2017,1.5585
01/12/2017,1.5693
30/11/2017,1.5659
29/11/2017,1.5627
28/11/2017,1.5619
27/11/2017,1.5656
24/11/2017,1.5585
23/11/2017,1.5532
22/11/2017,1.5503
21/11/2017,1.5466
20/11/2017,1.5592
17/11/2017,1.5632
16/11/2017,1.5507
15/11/2017,1.5582
14/11/2017,1.5361
13/11/2017,1.5256
10/11/2017,1.5197
09/11/2017,1.5144
08/11/2017,1.5094
07/11/2017,1.5112
06/11/2017,1.512
03/11/2017,1.5184
02/11/2017,1.5117
01/11/2017,1.5136
31/10/2017,1.521
30/10/2017,1.5148
27/10/2017,1.5196
26/10/2017,1.5248
25/10/2017,1.5282
24/10/2017,1.5117
23/10/2017,1.5018
20/10/2017,1.5055
19/10/2017,1.5033
18/10/2017,1.5009
17/10/2017,1.4994
16/10/2017,1.4996
13/10/2017,1.508
12/10/2017,1.5175
11/10/2017,1.5186
10/10/2017,1.5155
09/10/2017,1.5142
06/10/2017,1.506
05/10/2017,1.5015
04/10/2017,1.4986
03/10/2017,1.5039
02/10/2017,1.5036
29/09/2017,1.5075
28/09/2017,1.5054
27/09/2017,1.4954
26/09/2017,1.4944
25/09/2017,1.4917
22/09/2017,1.5011
21/09/2017,1.5002
20/09/2017,1.4891
19/09/2017,1.4969
18/09/2017,1.4947
15/09/2017,1.4911
14/09/2017,1.4877
13/09/2017,1.4909
12/09/2017,1.4847
11/09/2017,1.4915
08/09/2017,1.4881
07/09/2017,1.4926
06/09/2017,1.4961
05/09/2017,1.4902
04/09/2017,1.496
01/09/2017,1.5021
31/08/2017,1.5016
30/08/2017,1.5016
29/08/2017,1.5111
28/08/2017,1.5008
25/08/2017,1.4919
24/08/2017,1.4951
23/08/2017,1.4936
22/08/2017,1.4887
21/08/2017,1.4831
18/08/2017,1.483
17/08/2017,1.4756
16/08/2017,1.4903
15/08/2017,1.498
14/08/2017,1.4986
11/08/2017,1.4962
10/08/2017,1.4888
09/08/2017,1.4879
08/08/2017,1.4882
07/08/2017,1.4909
04/08/2017,1.4888
03/08/2017,1.4943
02/08/2017,1.4847
01/08/2017,1.4813
31/07/2017,1.4713
28/07/2017,1.4732
27/07/2017,1.4617
26/07/2017,1.4717
25/07/2017,1.4693
24/07/2017,1.4661
21/07/2017,1.4699
20/07/2017,1.451
19/07/2017,1.4532
18/07/2017,1.4565
17/07/2017,1.4637
14/07/2017,1.471
13/07/2017,1.477
12/07/2017,1.4966
11/07/2017,1.4988
10/07/2017,1.4999
07/07/2017,1.5006
06/07/2017,1.5008
05/07/2017,1.4916
04/07/2017,1.4922
03/07/2017,1.4848
30/06/2017,1.4851
29/06/2017,1.4868
28/06/2017,1.4986
27/06/2017,1.4819
26/06/2017,1.4771
23/06/2017,1.4764
22/06/2017,1.4812
21/06/2017,1.4738
20/06/2017,1.4674
19/06/2017,1.4705
16/06/2017,1.4683
15/06/2017,1.4722
14/06/2017,1.4778
13/06/2017,1.488
12/06/2017,1.4875
09/06/2017,1.4837
08/06/2017,1.4894
07/06/2017,1.4845
06/06/2017,1.504
05/06/2017,1.504
02/06/2017,1.5173
01/06/2017,1.5182
31/05/2017,1.5054
30/05/2017,1.4992
29/05/2017,1.5045
26/05/2017,1.5038
25/05/2017,1.5022
24/05/2017,1.497
23/05/2017,1.4939
22/05/2017,1.5049
19/05/2017,1.5031
18/05/2017,1.4957
17/05/2017,1.5014
16/05/2017,1.492
15/05/2017,1.4741
12/05/2017,1.4731
11/05/2017,1.4737
10/05/2017,1.474
09/05/2017,1.4809
08/05/2017,1.4791
05/05/2017,1.4832
04/05/2017,1.4773
03/05/2017,1.4615
02/05/2017,1.4518
28/04/2017,1.4629
27/04/2017,1.4576
26/04/2017,1.4559
25/04/2017,1.4454
24/04/2017,1.433
21/04/2017,1.4219
20/04/2017,1.4278
19/04/2017,1.4255
18/04/2017,1.4155
13/04/2017,1.4027
12/04/2017,1.4163
11/04/2017,1.4137
10/04/2017,1.412
07/04/2017,1.4123
06/04/2017,1.4103
05/04/2017,1.4085
04/04/2017,1.4109
03/04/2017,1.4012
31/03/2017,1.3982
30/03/2017,1.3988
29/03/2017,1.406
28/03/2017,1.4281
27/03/2017,1.4261
24/03/2017,1.4182
23/03/2017,1.4132
22/03/2017,1.4086
21/03/2017,1.3969
20/03/2017,1.3922
17/03/2017,1.394
16/03/2017,1.3945
15/03/2017,1.3992
14/03/2017,1.4073
13/03/2017,1.4078
10/03/2017,1.4095
09/03/2017,1.4044
08/03/2017,1.3968
07/03/2017,1.392
06/03/2017,1.3937
03/03/2017,1.3956
02/03/2017,1.384
01/03/2017,1.3752
28/02/2017,1.3807
27/02/2017,1.3796
24/02/2017,1.3816
23/02/2017,1.3691
22/02/2017,1.3689
21/02/2017,1.3762
20/02/2017,1.3835
17/02/2017,1.3892
16/02/2017,1.3808
15/02/2017,1.3761
14/02/2017,1.3813
13/02/2017,1.3867
10/02/2017,1.3905
09/02/2017,1.3965
08/02/2017,1.396
07/02/2017,1.4014
06/02/2017,1.4006
03/02/2017,1.4057
02/02/2017,1.406
01/02/2017,1.4225
31/01/2017,1.4198
30/01/2017,1.4109
27/01/2017,1.4169
26/01/2017,1.4205
25/01/2017,1.4213
24/01/2017,1.4198
23/01/2017,1.4157
20/01/2017,1.4115
19/01/2017,1.4113
18/01/2017,1.4128
17/01/2017,1.4162
16/01/2017,1.4172
13/01/2017,1.4225
12/01/2017,1.4205
11/01/2017,1.4241
10/01/2017,1.44
09/01/2017,1.4357
06/01/2017,1.4433
05/01/2017,1.4401
04/01/2017,1.4373
03/01/2017,1.4387
02/01/2017,1.4574
30/12/2016,1.4596
29/12/2016,1.4505
28/12/2016,1.4492
27/12/2016,1.4532
23/12/2016,1.4566
22/12/2016,1.447
21/12/2016,1.4342
20/12/2016,1.432
19/12/2016,1.4351
16/12/2016,1.4239
15/12/2016,1.4109
14/12/2016,1.4177
13/12/2016,1.4155
12/12/2016,1.4174
09/12/2016,1.4141
08/12/2016,1.4406
07/12/2016,1.4408
06/12/2016,1.4395
05/12/2016,1.4391
02/12/2016,1.4333
01/12/2016,1.4378
30/11/2016,1.4291
29/11/2016,1.421
28/11/2016,1.4194
25/11/2016,1.423
24/11/2016,1.4274
23/11/2016,1.4294
22/11/2016,1.4352
21/11/2016,1.4424
18/11/2016,1.4376
17/11/2016,1.4359
16/11/2016,1.4333
15/11/2016,1.424
14/11/2016,1.4276
11/11/2016,1.4338
10/11/2016,1.4336
09/11/2016,1.4336
08/11/2016,1.4332
07/11/2016,1.4397
04/11/2016,1.4438
03/11/2016,1.4434
02/11/2016,1.4479
01/11/2016,1.4341
31/10/2016,1.4397
28/10/2016,1.4424
27/10/2016,1.4339
26/10/2016,1.422
25/10/2016,1.4229
24/10/2016,1.4282
21/10/2016,1.4268
20/10/2016,1.4314
19/10/2016,1.4298
18/10/2016,1.4332
17/10/2016,1.4436
14/10/2016,1.4421
13/10/2016,1.4604
12/10/2016,1.4553
11/10/2016,1.4679
10/10/2016,1.469
07/10/2016,1.4696
06/10/2016,1.4762
05/10/2016,1.4722
04/10/2016,1.4564
03/10/2016,1.4638
30/09/2016,1.4657
29/09/2016,1.4642
28/09/2016,1.4637
27/09/2016,1.4661
26/09/2016,1.4751
23/09/2016,1.4685
22/09/2016,1.4674
21/09/2016,1.4665
20/09/2016,1.4812
19/09/2016,1.4792
16/09/2016,1.4949
15/09/2016,1.5037
14/09/2016,1.5022
13/09/2016,1.4938
12/09/2016,1.493
09/09/2016,1.4836
08/09/2016,1.4632
07/09/2016,1.4637
06/09/2016,1.4625
05/09/2016,1.4696
02/09/2016,1.481
01/09/2016,1.4801
31/08/2016,1.4806
30/08/2016,1.4787
29/08/2016,1.479
26/08/2016,1.4771
25/08/2016,1.484
24/08/2016,1.4782
23/08/2016,1.4823
22/08/2016,1.4856
19/08/2016,1.4877
18/08/2016,1.4766
17/08/2016,1.478
16/08/2016,1.4602
15/08/2016,1.4577
12/08/2016,1.4535
11/08/2016,1.446
10/08/2016,1.445
09/08/2016,1.4463
08/08/2016,1.452
05/08/2016,1.4567
04/08/2016,1.4604
03/08/2016,1.475
02/08/2016,1.4717
01/08/2016,1.4751
29/07/2016,1.4782
28/07/2016,1.4735
27/07/2016,1.4715
26/07/2016,1.4599
25/07/2016,1.4666
22/07/2016,1.4717
21/07/2016,1.471
20/07/2016,1.4712
19/07/2016,1.4727
18/07/2016,1.4557
15/07/2016,1.4538
14/07/2016,1.4588
13/07/2016,1.4517
12/07/2016,1.4532
11/07/2016,1.4617
08/07/2016,1.4731
07/07/2016,1.4737
06/07/2016,1.4812
05/07/2016,1.4902
04/07/2016,1.4792
01/07/2016,1.4884
30/06/2016,1.4929
29/06/2016,1.4911
28/06/2016,1.4984
27/06/2016,1.4857
24/06/2016,1.491
23/06/2016,1.506
22/06/2016,1.5033
21/06/2016,1.5073
20/06/2016,1.5188
17/06/2016,1.5234
16/06/2016,1.5212
15/06/2016,1.5188
14/06/2016,1.5277
13/06/2016,1.5228
10/06/2016,1.5274
09/06/2016,1.525
08/06/2016,1.5228
07/06/2016,1.526
06/06/2016,1.5417
03/06/2016,1.5397
02/06/2016,1.5516
01/06/2016,1.537
31/05/2016,1.5366
30/05/2016,1.5504
27/05/2016,1.5483
26/05/2016,1.5481
25/05/2016,1.5475
24/05/2016,1.5597
23/05/2016,1.5542
20/05/2016,1.5519
19/05/2016,1.5563
18/05/2016,1.5521
17/05/2016,1.5457
16/05/2016,1.5526
13/05/2016,1.5579
12/05/2016,1.5541
11/05/2016,1.5474
10/05/2016,1.5486
09/05/2016,1.5544
06/05/2016,1.5501
05/05/2016,1.5266
04/05/2016,1.5379
03/05/2016,1.5303
02/05/2016,1.5025
29/04/2016,1.4948
28/04/2016,1.4906
27/04/2016,1.4885
26/04/2016,1.46
25/04/2016,1.4587
22/04/2016,1.457
21/04/2016,1.4496
20/04/2016,1.4556
19/04/2016,1.4547
18/04/2016,1.4685
15/04/2016,1.4648
14/04/2016,1.461
13/04/2016,1.4768
12/04/2016,1.4882
11/04/2016,1.506
08/04/2016,1.5091
07/04/2016,1.5092
06/04/2016,1.5029
05/04/2016,1.5085
04/04/2016,1.4917
01/04/2016,1.4884
31/03/2016,1.4807
30/03/2016,1.4766
29/03/2016,1.4901
24/03/2016,1.4858
23/03/2016,1.478
22/03/2016,1.4751
21/03/2016,1.4819
18/03/2016,1.4804
17/03/2016,1.4828
16/03/2016,1.4911
15/03/2016,1.4877
14/03/2016,1.4755
11/03/2016,1.4766
10/03/2016,1.4522
09/03/2016,1.465
08/03/2016,1.4794
07/03/2016,1.4776
04/03/2016,1.4859
03/03/2016,1.4852
02/03/2016,1.501
01/03/2016,1.5196
29/02/2016,1.526
26/02/2016,1.5275
25/02/2016,1.5292
24/02/2016,1.5319
23/02/2016,1.5202
22/02/2016,1.5322
19/02/2016,1.5605
18/02/2016,1.5496
17/02/2016,1.5629
16/02/2016,1.5605
15/02/2016,1.5624
12/02/2016,1.5901
11/02/2016,1.6018
10/02/2016,1.5848
09/02/2016,1.6083
08/02/2016,1.5726
05/02/2016,1.5583
04/02/2016,1.5546
03/02/2016,1.5484
02/02/2016,1.5475
01/02/2016,1.5377
29/01/2016,1.5388
28/01/2016,1.5419
27/01/2016,1.5461
26/01/2016,1.555
25/01/2016,1.5496
22/01/2016,1.538
21/01/2016,1.5755
20/01/2016,1.5916
19/01/2016,1.5673
18/01/2016,1.581
15/01/2016,1.5895
14/01/2016,1.5695
13/01/2016,1.5413
12/01/2016,1.546
11/01/2016,1.5516
08/01/2016,1.5495
07/01/2016,1.555
06/01/2016,1.5187
05/01/2016,1.4982
04/01/2016,1.5153
31/12/2015,1.4897
30/12/2015,1.499
29/12/2015,1.5056
28/12/2015,1.5089
24/12/2015,1.5074
23/12/2015,1.5115
22/12/2015,1.5109
21/12/2015,1.5168
18/12/2015,1.5206
17/12/2015,1.5097
16/12/2015,1.5186
15/12/2015,1.52
14/12/2015,1.5231
11/12/2015,1.518
10/12/2015,1.5
09/12/2015,1.5182
08/12/2015,1.5099
07/12/2015,1.4849
04/12/2015,1.4899
03/12/2015,1.455
02/12/2015,1.4489
01/12/2015,1.454
30/11/2015,1.4671
27/11/2015,1.4689
26/11/2015,1.4685
25/11/2015,1.4601
24/11/2015,1.4763
23/11/2015,1.4793
20/11/2015,1.4825
19/11/2015,1.4925
18/11/2015,1.5028
17/11/2015,1.496
16/11/2015,1.511
13/11/2015,1.5077
12/11/2015,1.5073
11/11/2015,1.5183
10/11/2015,1.5189
09/11/2015,1.5263
06/11/2015,1.5204
05/11/2015,1.5233
04/11/2015,1.521
03/11/2015,1.5301
02/11/2015,1.5457
30/10/2015,1.5544
29/10/2015,1.5446
28/10/2015,1.5539
27/10/2015,1.5299
26/10/2015,1.5182
23/10/2015,1.525
22/10/2015,1.5692
21/10/2015,1.5707
20/10/2015,1.5612
19/10/2015,1.5581
16/10/2015,1.5654
15/10/2015,1.5612
14/10/2015,1.5722
13/10/2015,1.5585
12/10/2015,1.5429
09/10/2015,1.5502
08/10/2015,1.5664
07/10/2015,1.5586
06/10/2015,1.5781
05/10/2015,1.5853
02/10/2015,1.587
01/10/2015,1.5777
30/09/2015,1.5939
29/09/2015,1.6009
28/09/2015,1.5967
25/09/2015,1.5895
24/09/2015,1.6147
23/09/2015,1.5813
22/09/2015,1.5732
21/09/2015,1.5693
18/09/2015,1.5709
17/09/2015,1.5776
16/09/2015,1.5677
15/09/2015,1.5885
14/09/2015,1.5874
11/09/2015,1.5955
10/09/2015,1.5831
09/09/2015,1.586
08/09/2015,1.5976
07/09/2015,1.6062
04/09/2015,1.5948
03/09/2015,1.6035
02/09/2015,1.6061
01/09/2015,1.5956
31/08/2015,1.5753
28/08/2015,1.5789
27/08/2015,1.579
26/08/2015,1.5963
25/08/2015,1.5937
24/08/2015,1.5903
21/08/2015,1.5384
20/08/2015,1.5287
19/08/2015,1.5026
18/08/2015,1.5065
17/08/2015,1.5096
14/08/2015,1.5122
13/08/2015,1.5121
12/08/2015,1.5128
11/08/2015,1.5092
10/08/2015,1.4884
07/08/2015,1.4809
06/08/2015,1.4849
05/08/2015,1.4755
04/08/2015,1.4831
03/08/2015,1.5071
31/07/2015,1.514
30/07/2015,1.5065
29/07/2015,1.5101
28/07/2015,1.5089
27/07/2015,1.5184
24/07/2015,1.5058
23/07/2015,1.4844
22/07/2015,1.4765
21/07/2015,1.4746
20/07/2015,1.4703
17/07/2015,1.4712
16/07/2015,1.4713
15/07/2015,1.4753
14/07/2015,1.4828
13/07/2015,1.4874
10/07/2015,1.4975
09/07/2015,1.4816
08/07/2015,1.4866
07/07/2015,1.4722
06/07/2015,1.4688
03/07/2015,1.4747
02/07/2015,1.4573
01/07/2015,1.4458
30/06/2015,1.455
29/06/2015,1.4526
26/06/2015,1.4631
25/06/2015,1.4477
24/06/2015,1.4473
23/06/2015,1.4538
22/06/2015,1.4616
19/06/2015,1.4591
18/06/2015,1.457
17/06/2015,1.4694
16/06/2015,1.4482
15/06/2015,1.4466
12/06/2015,1.456
11/06/2015,1.4533
10/06/2015,1.4571
09/06/2015,1.4606
08/06/2015,1.4615
05/06/2015,1.4534
04/06/2015,1.4618
03/06/2015,1.4321
02/06/2015,1.4342
01/06/2015,1.4341
29/05/2015,1.4338
28/05/2015,1.4267
27/05/2015,1.4089
26/05/2015,1.402
25/05/2015,1.4023
22/05/2015,1.4163
21/05/2015,1.4112
20/05/2015,1.407
19/05/2015,1.4027
18/05/2015,1.4228
15/05/2015,1.4159
14/05/2015,1.4087
13/05/2015,1.3945
12/05/2015,1.407
11/05/2015,1.4117
08/05/2015,1.4181
07/05/2015,1.4186
06/05/2015,1.403
05/05/2015,1.4119
04/05/2015,1.4225
30/04/2015,1.4161
29/04/2015,1.3762
28/04/2015,1.3752
27/04/2015,1.3867
24/04/2015,1.3884
23/04/2015,1.3937
22/04/2015,1.3796
21/04/2015,1.3821
20/04/2015,1.3823
17/04/2015,1.3842
16/04/2015,1.379
15/04/2015,1.3945
14/04/2015,1.3936
13/04/2015,1.3925
10/04/2015,1.3824
09/04/2015,1.3951
08/04/2015,1.4078
07/04/2015,1.4192
02/04/2015,1.4343
01/04/2015,1.4153
31/03/2015,1.4154
30/03/2015,1.4158
27/03/2015,1.394
26/03/2015,1.399
25/03/2015,1.3925
24/03/2015,1.3843
23/03/2015,1.3938
20/03/2015,1.3988
19/03/2015,1.3966
18/03/2015,1.3901
17/03/2015,1.3914
16/03/2015,1.3797
13/03/2015,1.38
12/03/2015,1.3771
11/03/2015,1.3899
10/03/2015,1.4034
09/03/2015,1.4043
06/03/2015,1.399
05/03/2015,1.4205
04/03/2015,1.4191
03/03/2015,1.4288
02/03/2015,1.4433
27/02/2015,1.4358
26/02/2015,1.4357
25/02/2015,1.4388
24/02/2015,1.4609
23/02/2015,1.451
20/02/2015,1.4399
19/02/2015,1.4632
18/02/2015,1.4598
17/02/2015,1.4593
16/02/2015,1.4669
13/02/2015,1.4689
12/02/2015,1.4761
11/02/2015,1.4606
10/02/2015,1.4522
09/02/2015,1.443
06/02/2015,1.4572
05/02/2015,1.4616
04/02/2015,1.4722
03/02/2015,1.4799
02/02/2015,1.4523
30/01/2015,1.4535
29/01/2015,1.4535
28/01/2015,1.4234
27/01/2015,1.4233
26/01/2015,1.4227
23/01/2015,1.4169
22/01/2015,1.4299
21/01/2015,1.4113
20/01/2015,1.4123
19/01/2015,1.4134
16/01/2015,1.4113
15/01/2015,1.4143
14/01/2015,1.4473
13/01/2015,1.4441
12/01/2015,1.4498
09/01/2015,1.4506
08/01/2015,1.4518
07/01/2015,1.466
06/01/2015,1.464
05/01/2015,1.4755
02/01/2015,1.4841
31/12/2014,1.4829
30/12/2014,1.4878
29/12/2014,1.4964
24/12/2014,1.5053
23/12/2014,1.5027
22/12/2014,1.5057
19/12/2014,1.5012
18/12/2014,1.5005
17/12/2014,1.5203
16/12/2014,1.5206
15/12/2014,1.5128
12/12/2014,1.5056
11/12/2014,1.5056
10/12/2014,1.4846
09/12/2014,1.4903
08/12/2014,1.4789
05/12/2014,1.4765
04/12/2014,1.4692
03/12/2014,1.462
02/12/2014,1.472
01/12/2014,1.4681
28/11/2014,1.4647
27/11/2014,1.456
26/11/2014,1.4667
25/11/2014,1.4563
24/11/2014,1.4387
21/11/2014,1.4257
20/11/2014,1.4565
19/11/2014,1.4512
18/11/2014,1.4342
17/11/2014,1.4312
14/11/2014,1.4336
13/11/2014,1.4254
12/11/2014,1.4318
11/11/2014,1.4386
10/11/2014,1.4406
07/11/2014,1.4418
06/11/2014,1.453
05/11/2014,1.4494
04/11/2014,1.4342
03/11/2014,1.4347
31/10/2014,1.4249
30/10/2014,1.4311
29/10/2014,1.4334
28/10/2014,1.437
27/10/2014,1.4422
24/10/2014,1.4396
23/10/2014,1.4404
22/10/2014,1.443
21/10/2014,1.4475
20/10/2014,1.456
17/10/2014,1.4597
16/10/2014,1.4645
15/10/2014,1.4527
14/10/2014,1.4475
13/10/2014,1.448
10/10/2014,1.4511
09/10/2014,1.4408
08/10/2014,1.4416
07/10/2014,1.4329
06/10/2014,1.4381
03/10/2014,1.4415
02/10/2014,1.4393
01/10/2014,1.4496
30/09/2014,1.4442
29/09/2014,1.4555
26/09/2014,1.4483
25/09/2014,1.4432
24/09/2014,1.446
23/09/2014,1.4481
22/09/2014,1.4481
19/09/2014,1.4321
18/09/2014,1.439
17/09/2014,1.4302
16/09/2014,1.434
15/09/2014,1.4311
12/09/2014,1.4283
11/09/2014,1.4182
10/09/2014,1.4146
09/09/2014,1.3903
08/09/2014,1.387
05/09/2014,1.3826
04/09/2014,1.3927
03/09/2014,1.4094
02/09/2014,1.4129
01/09/2014,1.4059
29/08/2014,1.4123
28/08/2014,1.4079
27/08/2014,1.4102
26/08/2014,1.4157
25/08/2014,1.4175
22/08/2014,1.4248
21/08/2014,1.4283
20/08/2014,1.4295
19/08/2014,1.4298
18/08/2014,1.436
15/08/2014,1.4362
14/08/2014,1.4354
13/08/2014,1.4375
12/08/2014,1.4406
11/08/2014,1.4443
08/08/2014,1.4419
07/08/2014,1.4414
06/08/2014,1.4329
05/08/2014,1.4365
04/08/2014,1.4408
01/08/2014,1.4431
31/07/2014,1.4396
30/07/2014,1.431
29/07/2014,1.4303
28/07/2014,1.4275
25/07/2014,1.4289
24/07/2014,1.4272
23/07/2014,1.4248
22/07/2014,1.4368
21/07/2014,1.4407
18/07/2014,1.4407
17/07/2014,1.4426
16/07/2014,1.448
15/07/2014,1.4522
14/07/2014,1.45
11/07/2014,1.4463
10/07/2014,1.452
09/07/2014,1.4486
08/07/2014,1.4459
07/07/2014,1.4522
04/07/2014,1.4529
03/07/2014,1.4552
02/07/2014,1.4447
01/07/2014,1.4479
30/06/2014,1.4537
27/06/2014,1.446
26/06/2014,1.446
25/06/2014,1.4539
24/06/2014,1.449
23/06/2014,1.4405
20/06/2014,1.4456
19/06/2014,1.4478
18/06/2014,1.4525
17/06/2014,1.4492
16/06/2014,1.4426
13/06/2014,1.4414
12/06/2014,1.4383
11/06/2014,1.4419
10/06/2014,1.4458
09/06/2014,1.4545
06/06/2014,1.4613
05/06/2014,1.4608
04/06/2014,1.4695
03/06/2014,1.4731
02/06/2014,1.4714
30/05/2014,1.4635
29/05/2014,1.4648
28/05/2014,1.4745
27/05/2014,1.4737
26/05/2014,1.4761
23/05/2014,1.4782
22/05/2014,1.4799
21/05/2014,1.4819
20/05/2014,1.4797
19/05/2014,1.4654
16/05/2014,1.4633
15/05/2014,1.4589
14/05/2014,1.4597
13/05/2014,1.4625
12/05/2014,1.4684
09/05/2014,1.4714
08/05/2014,1.4857
07/05/2014,1.4909
06/05/2014,1.4932
05/05/2014,1.4975
02/05/2014,1.4971
30/04/2014,1.4947
29/04/2014,1.4916
28/04/2014,1.4934
25/04/2014,1.4883
24/04/2014,1.4916
23/04/2014,1.4905
22/04/2014,1.4753
17/04/2014,1.4822
16/04/2014,1.4788
15/04/2014,1.4697
14/04/2014,1.4692
11/04/2014,1.4772
10/04/2014,1.4732
09/04/2014,1.4727
08/04/2014,1.476
07/04/2014,1.4818
04/04/2014,1.481
03/04/2014,1.4912
02/04/2014,1.4905
01/04/2014,1.4929
31/03/2014,1.4941
28/03/2014,1.4886
27/03/2014,1.4899
26/03/2014,1.4934
25/03/2014,1.5069
24/03/2014,1.5091
21/03/2014,1.5199
20/03/2014,1.5257
19/03/2014,1.5269
18/03/2014,1.5255
17/03/2014,1.5311
14/03/2014,1.5382
13/03/2014,1.5372
12/03/2014,1.5507
11/03/2014,1.533
10/03/2014,1.5359
07/03/2014,1.5216
06/03/2014,1.5168
05/03/2014,1.5295
04/03/2014,1.5392
03/03/2014,1.5432
28/02/2014,1.5414
27/02/2014,1.5286
26/02/2014,1.5288
25/02/2014,1.5239
24/02/2014,1.5271
21/02/2014,1.5283
20/02/2014,1.5269
19/02/2014,1.5217
18/02/2014,1.5212
17/02/2014,1.5159
14/02/2014,1.5176
13/02/2014,1.5257
12/02/2014,1.5016
11/02/2014,1.5148
10/02/2014,1.5259
07/02/2014,1.5178
06/02/2014,1.5051
05/02/2014,1.5174
04/02/2014,1.5195
03/02/2014,1.5346
31/01/2014,1.5516
30/01/2014,1.5459
29/01/2014,1.5535
28/01/2014,1.5515
27/01/2014,1.5618
24/01/2014,1.5715
23/01/2014,1.554
22/01/2014,1.5291
21/01/2014,1.5403
20/01/2014,1.5388
17/01/2014,1.5455
16/01/2014,1.5457
15/01/2014,1.5263
14/01/2014,1.5189
13/01/2014,1.5066
10/01/2014,1.5265
09/01/2014,1.5343
08/01/2014,1.5212
07/01/2014,1.528
06/01/2014,1.5207
03/01/2014,1.5156
02/01/2014,1.5424
31/12/2013,1.5423
30/12/2013,1.552
27/12/2013,1.5506
24/12/2013,1.533
23/12/2013,1.532
20/12/2013,1.5405
19/12/2013,1.5445
18/12/2013,1.5434
17/12/2013,1.5421
16/12/2013,1.54
13/12/2013,1.5355
12/12/2013,1.521
11/12/2013,1.5123
10/12/2013,1.5039
09/12/2013,1.5101
06/12/2013,1.5065
05/12/2013,1.5038
04/12/2013,1.5046
03/12/2013,1.4873
02/12/2013,1.4812
29/11/2013,1.4934
28/11/2013,1.4915
27/11/2013,1.4952
26/11/2013,1.4861
25/11/2013,1.4754
22/11/2013,1.4746
21/11/2013,1.4536
20/11/2013,1.4418
19/11/2013,1.4341
18/11/2013,1.4378
15/11/2013,1.4422
14/11/2013,1.4454
13/11/2013,1.4409
12/11/2013,1.4401
11/11/2013,1.4314
08/11/2013,1.4193
07/11/2013,1.4088
06/11/2013,1.4186
05/11/2013,1.4157
04/11/2013,1.4215
01/11/2013,1.4265
31/10/2013,1.4353
30/10/2013,1.4471
29/10/2013,1.4505
28/10/2013,1.4387
25/10/2013,1.4369
24/10/2013,1.4354
23/10/2013,1.4298
22/10/2013,1.4143
21/10/2013,1.4139
18/10/2013,1.4173
17/10/2013,1.4197
16/10/2013,1.4227
15/10/2013,1.4167
14/10/2013,1.4313
11/10/2013,1.4318
10/10/2013,1.4346
09/10/2013,1.4299
08/10/2013,1.4316
07/10/2013,1.4421
04/10/2013,1.4409
03/10/2013,1.45
02/10/2013,1.4458
01/10/2013,1.4388
30/09/2013,1.4486
27/09/2013,1.4542
26/09/2013,1.439
25/09/2013,1.443
24/09/2013,1.4347
23/09/2013,1.4313
20/09/2013,1.4354
19/09/2013,1.4261
18/09/2013,1.4281
17/09/2013,1.4279
16/09/2013,1.4248
13/09/2013,1.438
12/09/2013,1.4367
11/09/2013,1.4288
10/09/2013,1.4255
09/09/2013,1.4338
06/09/2013,1.4309
05/09/2013,1.4451
04/09/2013,1.4373
03/09/2013,1.4583
02/09/2013,1.468
30/08/2013,1.482
29/08/2013,1.4839
28/08/2013,1.4975
27/08/2013,1.4877
26/08/2013,1.4831
23/08/2013,1.4879
22/08/2013,1.4813
21/08/2013,1.4811
20/08/2013,1.4761
19/08/2013,1.4592
16/08/2013,1.454
15/08/2013,1.4525
14/08/2013,1.4524
13/08/2013,1.4549
12/08/2013,1.4496
09/08/2013,1.4587
08/08/2013,1.4726
07/08/2013,1.4878
06/08/2013,1.4817
05/08/2013,1.491
02/08/2013,1.4837
01/08/2013,1.4733
31/07/2013,1.4725
30/07/2013,1.4618
29/07/2013,1.4364
26/07/2013,1.434
25/07/2013,1.4388
24/07/2013,1.4361
23/07/2013,1.4268
22/07/2013,1.4272
19/07/2013,1.424
18/07/2013,1.429
17/07/2013,1.4273
16/07/2013,1.4225
15/07/2013,1.438
12/07/2013,1.4436
11/07/2013,1.4162
10/07/2013,1.3935
09/07/2013,1.4024
08/07/2013,1.4145
05/07/2013,1.4049
04/07/2013,1.4239
03/07/2013,1.4278
02/07/2013,1.4222
01/07/2013,1.419
28/06/2013,1.4171
27/06/2013,1.3995
26/06/2013,1.4033
25/06/2013,1.4156
24/06/2013,1.4246
21/06/2013,1.4296
20/06/2013,1.4323
19/06/2013,1.4105
18/06/2013,1.4131
17/06/2013,1.3876
14/06/2013,1.3841
13/06/2013,1.3919
12/06/2013,1.3927
11/06/2013,1.4206
10/06/2013,1.3983
07/06/2013,1.3926
06/06/2013,1.3789
05/06/2013,1.3647
04/06/2013,1.3538
03/06/2013,1.3457
31/05/2013,1.354
30/05/2013,1.3493
29/05/2013,1.3447
28/05/2013,1.3355
27/05/2013,1.3405
24/05/2013,1.3348
23/05/2013,1.3302
22/05/2013,1.3253
21/05/2013,1.3147
20/05/2013,1.314
17/05/2013,1.3216
16/05/2013,1.312
15/05/2013,1.3015
14/05/2013,1.308
13/05/2013,1.3003
10/05/2013,1.2978
09/05/2013,1.2858
08/05/2013,1.2873
07/05/2013,1.2908
06/05/2013,1.2801
03/05/2013,1.278
02/05/2013,1.2871
30/04/2013,1.2649
29/04/2013,1.2671
26/04/2013,1.2651
25/04/2013,1.2669
24/04/2013,1.2659
23/04/2013,1.2676
22/04/2013,1.2696
19/04/2013,1.2692
18/04/2013,1.2633
17/04/2013,1.2691
16/04/2013,1.2654
15/04/2013,1.2573
12/04/2013,1.2396
11/04/2013,1.2411
10/04/2013,1.2429
09/04/2013,1.2449
08/04/2013,1.2503
05/04/2013,1.2425
04/04/2013,1.229
03/04/2013,1.2237
02/04/2013,1.2267
28/03/2013,1.2308
27/03/2013,1.2234
26/03/2013,1.2263
25/03/2013,1.2356
22/03/2013,1.2412
21/03/2013,1.2375
20/03/2013,1.2469
19/03/2013,1.2475
18/03/2013,1.2446
15/03/2013,1.2609
14/03/2013,1.2495
13/03/2013,1.2573
12/03/2013,1.2633
11/03/2013,1.2702
08/03/2013,1.2738
07/03/2013,1.2685
06/03/2013,1.267
05/03/2013,1.2735
04/03/2013,1.2821
01/03/2013,1.2741
28/02/2013,1.2809
27/02/2013,1.2842
26/02/2013,1.2763
25/02/2013,1.2897
22/02/2013,1.2763
21/02/2013,1.2859
20/02/2013,1.2961
19/02/2013,1.2905
18/02/2013,1.2946
15/02/2013,1.2895
14/02/2013,1.2879
13/02/2013,1.3036
12/02/2013,1.3107
11/02/2013,1.3029
08/02/2013,1.2942
07/02/2013,1.3135
06/02/2013,1.3109
05/02/2013,1.303
04/02/2013,1.299
01/02/2013,1.3132
31/01/2013,1.3009
30/01/2013,1.2996
29/01/2013,1.286
28/01/2013,1.293
25/01/2013,1.2917
24/01/2013,1.2737
23/01/2013,1.2635
22/01/2013,1.2613
21/01/2013,1.2665
18/01/2013,1.2674
17/01/2013,1.2694
16/01/2013,1.2593
15/01/2013,1.2653
14/01/2013,1.2632
11/01/2013,1.2561
10/01/2013,1.2403
09/01/2013,1.2419
08/01/2013,1.2466
07/01/2013,1.2421
04/01/2013,1.2494
03/01/2013,1.2471
02/01/2013,1.2637
31/12/2012,1.2712
28/12/2012,1.2692
27/12/2012,1.2782
24/12/2012,1.2715
21/12/2012,1.2662
20/12/2012,1.2632
19/12/2012,1.2667
18/12/2012,1.2512
17/12/2012,1.2494
14/12/2012,1.2429
13/12/2012,1.2391
12/12/2012,1.2358
11/12/2012,1.2381
10/12/2012,1.2318
07/12/2012,1.2318
06/12/2012,1.2456
05/12/2012,1.2483
04/12/2012,1.2497
03/12/2012,1.2517
30/11/2012,1.2474
29/11/2012,1.2432
28/11/2012,1.2339
27/11/2012,1.2372
26/11/2012,1.2416
23/11/2012,1.2393
22/11/2012,1.242
21/11/2012,1.2358
20/11/2012,1.2331
19/11/2012,1.2283
16/11/2012,1.2337
15/11/2012,1.235
14/11/2012,1.2217
13/11/2012,1.2187
12/11/2012,1.22
09/11/2012,1.2251
08/11/2012,1.223
07/11/2012,1.2228
06/11/2012,1.2263
05/11/2012,1.2338
02/11/2012,1.2374
01/11/2012,1.2491
31/10/2012,1.2528
30/10/2012,1.2489
29/10/2012,1.2455
26/10/2012,1.2486
25/10/2012,1.251
24/10/2012,1.2526
23/10/2012,1.2662
22/10/2012,1.2657
19/10/2012,1.2586
18/10/2012,1.2632
17/10/2012,1.269
16/10/2012,1.2693
15/10/2012,1.2661
12/10/2012,1.2654
11/10/2012,1.2573
10/10/2012,1.2574
09/10/2012,1.2663
08/10/2012,1.2721
05/10/2012,1.2682
04/10/2012,1.2673
03/10/2012,1.2625
02/10/2012,1.2531
01/10/2012,1.2431
28/09/2012,1.2396
27/09/2012,1.2354
26/09/2012,1.2421
25/09/2012,1.2393
24/09/2012,1.2415
21/09/2012,1.2365
20/09/2012,1.2461
19/09/2012,1.2455
18/09/2012,1.2527
17/09/2012,1.2452
14/09/2012,1.2366
13/09/2012,1.2357
12/09/2012,1.2322
11/09/2012,1.2301
10/09/2012,1.2349
07/09/2012,1.2279
06/09/2012,1.2341
05/09/2012,1.2337
04/09/2012,1.2267
03/09/2012,1.2278
31/08/2012,1.2201
30/08/2012,1.2142
29/08/2012,1.2088
28/08/2012,1.2094
27/08/2012,1.2056
24/08/2012,1.2031
23/08/2012,1.1981
22/08/2012,1.1926
21/08/2012,1.1839
20/08/2012,1.1784
17/08/2012,1.1829
16/08/2012,1.171
15/08/2012,1.1725
14/08/2012,1.1728
13/08/2012,1.1689
10/08/2012,1.1661
09/08/2012,1.1639
08/08/2012,1.1704
07/08/2012,1.1741
06/08/2012,1.1727
03/08/2012,1.1649
02/08/2012,1.1717
01/08/2012,1.1691
31/07/2012,1.1675
30/07/2012,1.1668
27/07/2012,1.1807
26/07/2012,1.179
25/07/2012,1.1792
24/07/2012,1.1754
23/07/2012,1.1784
20/07/2012,1.1739
19/07/2012,1.1775
18/07/2012,1.1867
17/07/2012,1.1941
16/07/2012,1.1934
13/07/2012,1.1984
12/07/2012,1.2029
11/07/2012,1.1953
10/07/2012,1.2015
09/07/2012,1.2082
06/07/2012,1.2058
05/07/2012,1.2071
04/07/2012,1.2221
03/07/2012,1.2264
02/07/2012,1.2283
29/06/2012,1.2339
28/06/2012,1.2357
27/06/2012,1.2384
26/06/2012,1.2432
25/06/2012,1.248
22/06/2012,1.249
21/06/2012,1.2444
20/06/2012,1.2456
19/06/2012,1.2416
18/06/2012,1.2519
15/06/2012,1.2564
14/06/2012,1.2626
13/06/2012,1.2565
12/06/2012,1.2601
11/06/2012,1.2602
08/06/2012,1.2665
07/06/2012,1.2613
06/06/2012,1.2661
05/06/2012,1.2762
04/06/2012,1.2796
01/06/2012,1.2772
31/05/2012,1.2736
30/05/2012,1.2729
29/05/2012,1.2737
28/05/2012,1.274
25/05/2012,1.2815
24/05/2012,1.2842
23/05/2012,1.2977
22/05/2012,1.291
21/05/2012,1.2969
18/05/2012,1.2879
17/05/2012,1.2795
16/05/2012,1.2813
15/05/2012,1.2836
14/05/2012,1.2881
11/05/2012,1.2877
10/05/2012,1.2801
09/05/2012,1.2886
08/05/2012,1.283
07/05/2012,1.2792
04/05/2012,1.283
03/05/2012,1.2762
02/05/2012,1.2718
30/04/2012,1.2684
27/04/2012,1.2679
26/04/2012,1.2736
25/04/2012,1.2771
24/04/2012,1.2775
23/04/2012,1.2769
20/04/2012,1.2738
19/04/2012,1.2652
18/04/2012,1.2628
17/04/2012,1.2664
16/04/2012,1.259
13/04/2012,1.264
12/04/2012,1.2645
11/04/2012,1.2743
10/04/2012,1.2741
05/04/2012,1.271
04/04/2012,1.2785
03/04/2012,1.2848
02/04/2012,1.2841
30/03/2012,1.2836
29/03/2012,1.283
28/03/2012,1.2824
27/03/2012,1.2681
26/03/2012,1.2631
23/03/2012,1.2745
22/03/2012,1.2696
21/03/2012,1.2644
20/03/2012,1.2586
19/03/2012,1.2452
16/03/2012,1.2401
15/03/2012,1.2422
14/03/2012,1.2474
13/03/2012,1.2444
12/03/2012,1.2498
09/03/2012,1.2415
08/03/2012,1.2441
07/03/2012,1.2423
06/03/2012,1.2418
05/03/2012,1.2354
02/03/2012,1.2264
01/03/2012,1.2353
29/02/2012,1.2414
28/02/2012,1.2486
27/02/2012,1.2532
24/02/2012,1.2516
23/02/2012,1.243
22/02/2012,1.2441
21/02/2012,1.2385
20/02/2012,1.2303
17/02/2012,1.223
16/02/2012,1.2168
15/02/2012,1.2195
14/02/2012,1.2298
13/02/2012,1.2326
10/02/2012,1.2381
09/02/2012,1.2295
08/02/2012,1.2251
07/02/2012,1.2161
06/02/2012,1.2192
03/02/2012,1.2311
02/02/2012,1.2246
01/02/2012,1.2312
31/01/2012,1.2366
30/01/2012,1.2427
27/01/2012,1.2326
26/01/2012,1.2326
25/01/2012,1.2367
24/01/2012,1.2429
23/01/2012,1.2332
20/01/2012,1.2379
19/01/2012,1.2391
18/01/2012,1.2344
17/01/2012,1.2279
16/01/2012,1.2289
13/01/2012,1.2364
12/01/2012,1.2303
11/01/2012,1.2361
10/01/2012,1.2379
09/01/2012,1.2468
06/01/2012,1.2472
05/01/2012,1.2491
04/01/2012,1.2552
03/01/2012,1.2595
02/01/2012,1.2662
30/12/2011,1.2723
29/12/2011,1.2799
28/12/2011,1.2819
27/12/2011,1.2862
23/12/2011,1.2852
22/12/2011,1.2878
21/12/2011,1.2943
20/12/2011,1.3082
19/12/2011,1.3086
16/12/2011,1.306
15/12/2011,1.3103
14/12/2011,1.3023
13/12/2011,1.3016
12/12/2011,1.3104
09/12/2011,1.3179
08/12/2011,1.3011
07/12/2011,1.3043
06/12/2011,1.3094
05/12/2011,1.3072
02/12/2011,1.3135
01/12/2011,1.3182
30/11/2011,1.3165
29/11/2011,1.3332
28/11/2011,1.3435
25/11/2011,1.3664
24/11/2011,1.3697
23/11/2011,1.3762
22/11/2011,1.3718
21/11/2011,1.3614
18/11/2011,1.3479
17/11/2011,1.3403
16/11/2011,1.3323
15/11/2011,1.3351
14/11/2011,1.3351
11/11/2011,1.3428
10/11/2011,1.3389
09/11/2011,1.333
08/11/2011,1.3339
07/11/2011,1.3296
04/11/2011,1.328
03/11/2011,1.3215
02/11/2011,1.3303
01/11/2011,1.3237
31/10/2011,1.3225
28/10/2011,1.327
27/10/2011,1.3188
26/10/2011,1.3423
25/10/2011,1.3285
24/10/2011,1.332
21/10/2011,1.3401
20/10/2011,1.3449
19/10/2011,1.3402
18/10/2011,1.3489
17/10/2011,1.3406
14/10/2011,1.3467
13/10/2011,1.3536
12/10/2011,1.3609
11/10/2011,1.3684
10/10/2011,1.368
07/10/2011,1.3726
06/10/2011,1.3725
05/10/2011,1.3913
04/10/2011,1.3984
03/10/2011,1.3838
30/09/2011,1.3874
29/09/2011,1.3864
28/09/2011,1.3775
27/09/2011,1.369
26/09/2011,1.3794
23/09/2011,1.3838
22/09/2011,1.3691
21/09/2011,1.3358
20/09/2011,1.3332
19/09/2011,1.3326
16/09/2011,1.3306
15/09/2011,1.3416
14/09/2011,1.3401
13/09/2011,1.3214
12/09/2011,1.3225
09/09/2011,1.3125
08/09/2011,1.3212
07/09/2011,1.3222
06/09/2011,1.3356
05/09/2011,1.3371
02/09/2011,1.3328
01/09/2011,1.3349
31/08/2011,1.3529
30/08/2011,1.3536
29/08/2011,1.3647
26/08/2011,1.3727
25/08/2011,1.375
24/08/2011,1.3767
23/08/2011,1.3771
22/08/2011,1.3781
19/08/2011,1.3783
18/08/2011,1.3754
17/08/2011,1.3687
16/08/2011,1.379
15/08/2011,1.375
12/08/2011,1.378
11/08/2011,1.3875
10/08/2011,1.3891
09/08/2011,1.399
08/08/2011,1.373
05/08/2011,1.3538
04/08/2011,1.3466
03/08/2011,1.331
02/08/2011,1.3075
01/08/2011,1.3041
29/07/2011,1.305
28/07/2011,1.2931
27/07/2011,1.3087
26/07/2011,1.3201
25/07/2011,1.3249
22/07/2011,1.3234
21/07/2011,1.3246
20/07/2011,1.3218
19/07/2011,1.3273
18/07/2011,1.3237
15/07/2011,1.3264
14/07/2011,1.3202
13/07/2011,1.3188
12/07/2011,1.3184
11/07/2011,1.3168
08/07/2011,1.3231
07/07/2011,1.3275
06/07/2011,1.342
05/07/2011,1.3526
04/07/2011,1.3521
01/07/2011,1.3523
30/06/2011,1.3485
29/06/2011,1.3585
28/06/2011,1.363
27/06/2011,1.3605
24/06/2011,1.3473
23/06/2011,1.3524
22/06/2011,1.3587
21/06/2011,1.3568
20/06/2011,1.3528
17/06/2011,1.344
16/06/2011,1.3424
15/06/2011,1.3387
14/06/2011,1.3573
13/06/2011,1.3584
10/06/2011,1.3644
09/06/2011,1.3791
08/06/2011,1.3776
07/06/2011,1.3697
06/06/2011,1.3597
03/06/2011,1.3592
02/06/2011,1.3563
01/06/2011,1.341
31/05/2011,1.3504
30/05/2011,1.335
27/05/2011,1.3346
26/05/2011,1.3383
25/05/2011,1.3399
24/05/2011,1.3328
23/05/2011,1.3332
20/05/2011,1.3364
19/05/2011,1.3387
18/05/2011,1.3441
17/05/2011,1.3393
16/05/2011,1.3391
13/05/2011,1.3369
12/05/2011,1.3331
11/05/2011,1.3255
10/05/2011,1.3295
09/05/2011,1.3389
06/05/2011,1.3581
05/05/2011,1.3883
04/05/2011,1.3727
03/05/2011,1.3604
02/05/2011,1.3553
29/04/2011,1.356
28/04/2011,1.3586
27/04/2011,1.3563
26/04/2011,1.3591
21/04/2011,1.3562
20/04/2011,1.3611
19/04/2011,1.3622
18/04/2011,1.3575
15/04/2011,1.373
14/04/2011,1.3717
13/04/2011,1.3814
12/04/2011,1.3783
11/04/2011,1.37
08/04/2011,1.3687
07/04/2011,1.3614
06/04/2011,1.3766
05/04/2011,1.373
04/04/2011,1.3722
01/04/2011,1.3649
31/03/2011,1.3736
30/03/2011,1.3668
29/03/2011,1.3759
28/03/2011,1.3678
25/03/2011,1.3807
24/03/2011,1.3888
23/03/2011,1.4006
22/03/2011,1.4039
21/03/2011,1.4114
18/03/2011,1.424
17/03/2011,1.4216
16/03/2011,1.4066
15/03/2011,1.4105
14/03/2011,1.3846
11/03/2011,1.3768
10/03/2011,1.3782
09/03/2011,1.3759
08/03/2011,1.3778
07/03/2011,1.3803
04/03/2011,1.3791
03/03/2011,1.3609
02/03/2011,1.3619
01/03/2011,1.3572
28/02/2011,1.3601
25/02/2011,1.3577
24/02/2011,1.3682
23/02/2011,1.3691
22/02/2011,1.3635
21/02/2011,1.3521
18/02/2011,1.3479
17/02/2011,1.3498
16/02/2011,1.3507
15/02/2011,1.3503
14/02/2011,1.343
11/02/2011,1.3544
10/02/2011,1.3559
09/02/2011,1.351
08/02/2011,1.3457
07/02/2011,1.3355
04/02/2011,1.3406
03/02/2011,1.3582
02/02/2011,1.3676
01/02/2011,1.3647
31/01/2011,1.3763
28/01/2011,1.3751
27/01/2011,1.3845
26/01/2011,1.3725
25/01/2011,1.3724
24/01/2011,1.369
21/01/2011,1.3666
20/01/2011,1.3583
19/01/2011,1.3425
18/01/2011,1.3416
17/01/2011,1.3371
14/01/2011,1.3528
13/01/2011,1.3203
12/01/2011,1.3098
11/01/2011,1.3134
10/01/2011,1.3037
07/01/2011,1.306
06/01/2011,1.3138
05/01/2011,1.3215
04/01/2011,1.3298
03/01/2011,1.3085
31/12/2010,1.3136
30/12/2010,1.3079
29/12/2010,1.2975
28/12/2010,1.3038
27/12/2010,1.3113
24/12/2010,1.3052
23/12/2010,1.3049
22/12/2010,1.3143
21/12/2010,1.3183
20/12/2010,1.3232
17/12/2010,1.3428
16/12/2010,1.3373
15/12/2010,1.3436
14/12/2010,1.3433
13/12/2010,1.339
10/12/2010,1.3399
09/12/2010,1.3432
08/12/2010,1.348
07/12/2010,1.3419
06/12/2010,1.3454
03/12/2010,1.3508
02/12/2010,1.3614
01/12/2010,1.3615
30/11/2010,1.3595
29/11/2010,1.3662
26/11/2010,1.3715
25/11/2010,1.3595
24/11/2010,1.3632
23/11/2010,1.3789
22/11/2010,1.3817
19/11/2010,1.3903
18/11/2010,1.3812
17/11/2010,1.3801
16/11/2010,1.3874
15/11/2010,1.3822
12/11/2010,1.3835
11/11/2010,1.3682
10/11/2010,1.3766
09/11/2010,1.3726
08/11/2010,1.377
05/11/2010,1.3865
04/11/2010,1.4056
03/11/2010,1.4058
02/11/2010,1.4021
01/11/2010,1.4094
29/10/2010,1.4216
28/10/2010,1.4158
27/10/2010,1.4194
26/10/2010,1.4108
25/10/2010,1.4107
22/10/2010,1.4198
21/10/2010,1.4208
20/10/2010,1.4151
19/10/2010,1.4159
18/10/2010,1.4087
15/10/2010,1.4142
14/10/2010,1.4145
13/10/2010,1.4128
12/10/2010,1.4076
11/10/2010,1.4153
08/10/2010,1.4252
07/10/2010,1.4132
06/10/2010,1.4221
05/10/2010,1.4338
04/10/2010,1.4153
01/10/2010,1.4114
30/09/2010,1.407
29/09/2010,1.3999
28/09/2010,1.4012
27/09/2010,1.4026
24/09/2010,1.4047
23/09/2010,1.4058
22/09/2010,1.3983
21/09/2010,1.3852
20/09/2010,1.3826
17/09/2010,1.3886
16/09/2010,1.3958
15/09/2010,1.3863
14/09/2010,1.3758
13/09/2010,1.3732
10/09/2010,1.3739
09/09/2010,1.375
08/09/2010,1.3845
07/09/2010,1.3982
06/09/2010,1.4032
03/09/2010,1.4094
02/09/2010,1.4099
01/09/2010,1.4141
31/08/2010,1.4304
30/08/2010,1.4161
27/08/2010,1.4322
26/08/2010,1.4318
25/08/2010,1.4349
24/08/2010,1.4301
23/08/2010,1.4181
20/08/2010,1.4314
19/08/2010,1.4258
18/08/2010,1.4271
17/08/2010,1.4251
16/08/2010,1.4379
13/08/2010,1.428
12/08/2010,1.4321
11/08/2010,1.4401
10/08/2010,1.4468
09/08/2010,1.4423
06/08/2010,1.4356
05/08/2010,1.4429
04/08/2010,1.4464
03/08/2010,1.4509
02/08/2010,1.4348
30/07/2010,1.4466
29/07/2010,1.45
28/07/2010,1.4518
27/07/2010,1.4402
26/07/2010,1.4425
23/07/2010,1.4427
22/07/2010,1.4476
21/07/2010,1.4487
20/07/2010,1.4718
19/07/2010,1.4943
16/07/2010,1.4812
15/07/2010,1.4504
14/07/2010,1.4405
13/07/2010,1.4336
12/07/2010,1.4398
09/07/2010,1.4452
08/07/2010,1.4471
07/07/2010,1.4821
06/07/2010,1.4788
05/07/2010,1.4916
02/07/2010,1.4864
01/07/2010,1.4753
30/06/2010,1.4403
29/06/2010,1.425
28/06/2010,1.4119
25/06/2010,1.4219
24/06/2010,1.4179
23/06/2010,1.4062
22/06/2010,1.4012
21/06/2010,1.4032
18/06/2010,1.4249
17/06/2010,1.4281
16/06/2010,1.4261
15/06/2010,1.4301
14/06/2010,1.4219
11/06/2010,1.4301
10/06/2010,1.431
09/06/2010,1.4476
08/06/2010,1.4579
07/06/2010,1.4607
04/06/2010,1.4364
03/06/2010,1.4469
02/06/2010,1.4641
01/06/2010,1.4595
31/05/2010,1.4576
28/05/2010,1.4534
27/05/2010,1.462
26/05/2010,1.478
25/05/2010,1.5047
24/05/2010,1.4928
21/05/2010,1.5135
20/05/2010,1.492
19/05/2010,1.4476
18/05/2010,1.4178
17/05/2010,1.4043
14/05/2010,1.4015
13/05/2010,1.4006
12/05/2010,1.4143
11/05/2010,1.42
10/05/2010,1.4311
07/05/2010,1.4345
06/05/2010,1.4075
05/05/2010,1.425
04/05/2010,1.4293
03/05/2010,1.4289
30/04/2010,1.4292
29/04/2010,1.4272
28/04/2010,1.4343
27/04/2010,1.4395
26/04/2010,1.4336
23/04/2010,1.4464
22/04/2010,1.439
21/04/2010,1.4387
20/04/2010,1.4478
19/04/2010,1.4625
16/04/2010,1.4519
15/04/2010,1.4513
14/04/2010,1.4583
13/04/2010,1.4646
12/04/2010,1.4635
09/04/2010,1.4378
08/04/2010,1.4394
07/04/2010,1.441
06/04/2010,1.4521
01/04/2010,1.4685
31/03/2010,1.4741
30/03/2010,1.465
29/03/2010,1.4734
26/03/2010,1.4778
25/03/2010,1.4619
24/03/2010,1.4655
23/03/2010,1.4742
22/03/2010,1.4815
19/03/2010,1.4727
18/03/2010,1.4821
17/03/2010,1.4898
16/03/2010,1.5005
15/03/2010,1.5022
12/03/2010,1.4991
11/03/2010,1.4916
10/03/2010,1.4855
09/03/2010,1.4938
08/03/2010,1.497
05/03/2010,1.5043
04/03/2010,1.5149
03/03/2010,1.5116
02/03/2010,1.4994
01/03/2010,1.5105
26/02/2010,1.524
25/02/2010,1.5186
24/02/2010,1.5191
23/02/2010,1.507
22/02/2010,1.5113
19/02/2010,1.5171
18/02/2010,1.5115
17/02/2010,1.5191
16/02/2010,1.5229
15/02/2010,1.5304
12/02/2010,1.5366
11/02/2010,1.5446
10/02/2010,1.57
09/02/2010,1.5729
08/02/2010,1.5765
05/02/2010,1.5822
04/02/2010,1.5726
03/02/2010,1.5759
02/02/2010,1.5815
01/02/2010,1.5748
29/01/2010,1.5639
28/01/2010,1.5537
27/01/2010,1.5656
26/01/2010,1.5693
25/01/2010,1.5635
22/01/2010,1.5659
21/01/2010,1.5463
20/01/2010,1.5468
19/01/2010,1.5541
18/01/2010,1.5511
15/01/2010,1.5547
14/01/2010,1.5591
13/01/2010,1.5729
12/01/2010,1.5668
11/01/2010,1.5593
08/01/2010,1.561
07/01/2010,1.5611
06/01/2010,1.5677
05/01/2010,1.5769
04/01/2010,1.5885
31/12/2009,1.6008
30/12/2009,1.6036
29/12/2009,1.6069
28/12/2009,1.6222
24/12/2009,1.6294
23/12/2009,1.627
22/12/2009,1.6259
21/12/2009,1.6211
18/12/2009,1.6156
17/12/2009,1.6195
16/12/2009,1.6179
15/12/2009,1.6048
14/12/2009,1.6071
11/12/2009,1.6076
10/12/2009,1.6074
09/12/2009,1.6222
08/12/2009,1.6247
07/12/2009,1.6271
04/12/2009,1.6259
03/12/2009,1.6276
02/12/2009,1.6262
01/12/2009,1.6355
30/11/2009,1.6452
27/11/2009,1.6507
26/11/2009,1.6436
25/11/2009,1.6236
24/11/2009,1.6254
23/11/2009,1.6212
20/11/2009,1.6299
19/11/2009,1.6193
18/11/2009,1.6026
17/11/2009,1.6023
16/11/2009,1.6004
13/11/2009,1.6019
12/11/2009,1.6062
11/11/2009,1.6133
10/11/2009,1.6145
09/11/2009,1.6141
06/11/2009,1.6235
05/11/2009,1.6362
04/11/2009,1.6277
03/11/2009,1.635
02/11/2009,1.6323
30/10/2009,1.6274
29/10/2009,1.6276
28/10/2009,1.6327
27/10/2009,1.6199
26/10/2009,1.6253
23/10/2009,1.6235
22/10/2009,1.6235
21/10/2009,1.6175
20/10/2009,1.6121
19/10/2009,1.6206
16/10/2009,1.6213
15/10/2009,1.6214
14/10/2009,1.6326
13/10/2009,1.6341
12/10/2009,1.6289
09/10/2009,1.6288
08/10/2009,1.6346
07/10/2009,1.6512
06/10/2009,1.6574
05/10/2009,1.6713
02/10/2009,1.6838
01/10/2009,1.6539
30/09/2009,1.6596
29/09/2009,1.669
28/09/2009,1.6906
25/09/2009,1.6952
24/09/2009,1.688
23/09/2009,1.6906
22/09/2009,1.6922
21/09/2009,1.7017
18/09/2009,1.6934
17/09/2009,1.6863
16/09/2009,1.6843
15/09/2009,1.7014
14/09/2009,1.6963
11/09/2009,1.6908
10/09/2009,1.6965
09/09/2009,1.6836
08/09/2009,1.677
07/09/2009,1.6748
04/09/2009,1.6915
03/09/2009,1.7037
02/09/2009,1.7112
01/09/2009,1.7096
31/08/2009,1.7087
28/08/2009,1.6995
27/08/2009,1.7101
26/08/2009,1.7163
25/08/2009,1.7054
24/08/2009,1.7032
21/08/2009,1.7197
20/08/2009,1.7124
19/08/2009,1.7239
18/08/2009,1.7116
17/08/2009,1.7208
14/08/2009,1.6939
13/08/2009,1.6931
12/08/2009,1.7201
11/08/2009,1.6965
10/08/2009,1.6895
07/08/2009,1.7161
06/08/2009,1.7067
05/08/2009,1.708
04/08/2009,1.7116
03/08/2009,1.702
31/07/2009,1.706
30/07/2009,1.7042
29/07/2009,1.722
28/07/2009,1.7138
27/07/2009,1.7331
24/07/2009,1.7413
23/07/2009,1.7376
22/07/2009,1.7455
21/07/2009,1.7438
20/07/2009,1.751
17/07/2009,1.7621
16/07/2009,1.7582
15/07/2009,1.7551
14/07/2009,1.7689
13/07/2009,1.801
10/07/2009,1.794
09/07/2009,1.7831
08/07/2009,1.7728
07/07/2009,1.7484
06/07/2009,1.7605
03/07/2009,1.7552
02/07/2009,1.7525
01/07/2009,1.7485
30/06/2009,1.7359
29/06/2009,1.7451
26/06/2009,1.7457
25/06/2009,1.7488
24/06/2009,1.7566
23/06/2009,1.7744
22/06/2009,1.742
19/06/2009,1.7283
18/06/2009,1.7528
17/06/2009,1.7528
16/06/2009,1.7324
15/06/2009,1.7285
12/06/2009,1.7255
11/06/2009,1.7209
10/06/2009,1.7387
09/06/2009,1.7571
08/06/2009,1.759
05/06/2009,1.7606
04/06/2009,1.7732
03/06/2009,1.7414
02/06/2009,1.7443
01/06/2009,1.7552
29/05/2009,1.7671
28/05/2009,1.7753
27/05/2009,1.7773
26/05/2009,1.7949
25/05/2009,1.7924
22/05/2009,1.7832
21/05/2009,1.7861
20/05/2009,1.7655
19/05/2009,1.7563
18/05/2009,1.7776
15/05/2009,1.7924
14/05/2009,1.8115
13/05/2009,1.7883
12/05/2009,1.7858
11/05/2009,1.7835
08/05/2009,1.7702
07/05/2009,1.7591
06/05/2009,1.7917
05/05/2009,1.7998
04/05/2009,1.803
30/04/2009,1.8146
29/04/2009,1.8434
28/04/2009,1.8511
27/04/2009,1.8397
24/04/2009,1.8402
23/04/2009,1.8304
22/04/2009,1.837
21/04/2009,1.8509
20/04/2009,1.8386
17/04/2009,1.8125
16/04/2009,1.8315
15/04/2009,1.8352
14/04/2009,1.8221
09/04/2009,1.8595
08/04/2009,1.8644
07/04/2009,1.8715
06/04/2009,1.8954
03/04/2009,1.8813
02/04/2009,1.8797
01/04/2009,1.9081
31/03/2009,1.9216
30/03/2009,1.9386
27/03/2009,1.923
26/03/2009,1.9349
25/03/2009,1.931
24/03/2009,1.9341
23/03/2009,1.9475
20/03/2009,1.9685
19/03/2009,1.9771
18/03/2009,1.984
17/03/2009,1.9624
16/03/2009,1.9679
13/03/2009,1.9587
12/03/2009,1.9785
11/03/2009,1.9657
10/03/2009,1.9842
09/03/2009,1.9883
06/03/2009,1.9783
05/03/2009,1.9573
04/03/2009,1.957
03/03/2009,1.9619
02/03/2009,1.9869
27/02/2009,1.9891
26/02/2009,1.959
25/02/2009,1.9685
24/02/2009,1.9797
23/02/2009,1.9796
20/02/2009,1.9746
19/02/2009,1.9597
18/02/2009,1.9726
17/02/2009,1.975
16/02/2009,1.9622
13/02/2009,1.9404
12/02/2009,1.9844
11/02/2009,1.9745
10/02/2009,1.94
09/02/2009,1.9257
06/02/2009,1.9407
05/02/2009,1.9772
04/02/2009,2.0006
03/02/2009,2.0113
02/02/2009,2.0318
30/01/2009,2.0115
29/01/2009,1.9942
28/01/2009,1.9815
27/01/2009,1.9884
26/01/2009,1.9773
23/01/2009,1.9836
22/01/2009,1.9799
21/01/2009,1.9937
20/01/2009,1.9662
19/01/2009,1.9628
16/01/2009,1.9611
15/01/2009,1.9818
14/01/2009,1.9769
13/01/2009,1.9874
12/01/2009,1.9478
09/01/2009,1.9371
08/01/2009,1.9357
07/01/2009,1.8831
06/01/2009,1.8727
05/01/2009,1.9189
02/01/2009,1.9884
31/12/2008,2.0274
30/12/2008,2.0435
29/12/2008,2.0595
24/12/2008,2.054
23/12/2008,2.0442
22/12/2008,2.0393
19/12/2008,2.047
18/12/2008,2.0735
17/12/2008,2.0469
16/12/2008,2.0374
15/12/2008,2.0246
12/12/2008,2.0291
11/12/2008,1.9889
10/12/2008,1.9665
09/12/2008,1.9596
08/12/2008,1.9377
05/12/2008,1.9895
04/12/2008,1.9634
03/12/2008,1.9625
02/12/2008,1.9602
01/12/2008,1.9649
28/11/2008,1.9533
27/11/2008,1.9689
26/11/2008,1.9992
25/11/2008,2.0086
24/11/2008,1.9936
21/11/2008,2.0278
20/11/2008,1.9927
19/11/2008,1.9547
18/11/2008,1.9511
17/11/2008,1.943
14/11/2008,1.9301
13/11/2008,1.9596
12/11/2008,1.8992
11/11/2008,1.9028
10/11/2008,1.8641
07/11/2008,1.9096
06/11/2008,1.8773
05/11/2008,1.8609
04/11/2008,1.8554
03/11/2008,1.9102
31/10/2008,1.9247
30/10/2008,1.9204
29/10/2008,1.9672
28/10/2008,2.0037
27/10/2008,2.0396
24/10/2008,2.0506
23/10/2008,1.9372
22/10/2008,1.9073
21/10/2008,1.928
20/10/2008,1.936
17/10/2008,1.9617
16/10/2008,2.0018
15/10/2008,1.9571
14/10/2008,1.9066
13/10/2008,2.032
10/10/2008,2.0538
09/10/2008,1.9503
08/10/2008,2.0022
07/10/2008,1.8785
06/10/2008,1.8218
03/10/2008,1.78
02/10/2008,1.7676
01/10/2008,1.7658
30/09/2008,1.7739
29/09/2008,1.7615
26/09/2008,1.7664
25/09/2008,1.7491
24/09/2008,1.7558
23/09/2008,1.7511
22/09/2008,1.7436
19/09/2008,1.7505
18/09/2008,1.7961
17/09/2008,1.7905
16/09/2008,1.7958
15/09/2008,1.7544
12/09/2008,1.7442
11/09/2008,1.7524
10/09/2008,1.7541
09/09/2008,1.7387
08/09/2008,1.7346
05/09/2008,1.7608
04/09/2008,1.7328
03/09/2008,1.7343
02/09/2008,1.7394
01/09/2008,1.7136
29/08/2008,1.7066
28/08/2008,1.7045
27/08/2008,1.7114
26/08/2008,1.712
25/08/2008,1.7021
22/08/2008,1.702
21/08/2008,1.7011
20/08/2008,1.6924
19/08/2008,1.6931
18/08/2008,1.6837
15/08/2008,1.7031
14/08/2008,1.701
13/08/2008,1.712
12/08/2008,1.7048
11/08/2008,1.685
08/08/2008,1.6885
07/08/2008,1.6986
06/08/2008,1.692
05/08/2008,1.689
04/08/2008,1.6697
01/08/2008,1.6662
31/07/2008,1.6545
30/07/2008,1.6468
29/07/2008,1.6454
28/07/2008,1.6466
25/07/2008,1.6438
24/07/2008,1.6319
23/07/2008,1.633
22/07/2008,1.6284
21/07/2008,1.626
18/07/2008,1.6288
17/07/2008,1.6246
16/07/2008,1.627
15/07/2008,1.628
14/07/2008,1.6369
11/07/2008,1.6423
10/07/2008,1.6357
09/07/2008,1.6502
08/07/2008,1.6476
07/07/2008,1.6363
04/07/2008,1.628
03/07/2008,1.6509
02/07/2008,1.6438
01/07/2008,1.6519
30/06/2008,1.6371
27/06/2008,1.6383
26/06/2008,1.6389
25/06/2008,1.6308
24/06/2008,1.6326
23/06/2008,1.6305
20/06/2008,1.6352
19/06/2008,1.6344
18/06/2008,1.6461
17/06/2008,1.6472
16/06/2008,1.6434
13/06/2008,1.6394
12/06/2008,1.6495
11/06/2008,1.6376
10/06/2008,1.6335
09/06/2008,1.6414
06/06/2008,1.626
05/06/2008,1.6169
04/06/2008,1.61
03/06/2008,1.6272
02/06/2008,1.6243
30/05/2008,1.6212
29/05/2008,1.6214
28/05/2008,1.6339
27/05/2008,1.6371
26/05/2008,1.642
23/05/2008,1.6376
22/05/2008,1.64
21/05/2008,1.6346
20/05/2008,1.6294
19/05/2008,1.6325
16/05/2008,1.632
15/05/2008,1.6541
14/05/2008,1.6558
13/05/2008,1.6408
12/05/2008,1.6374
09/05/2008,1.6466
08/05/2008,1.6312
07/05/2008,1.6312
06/05/2008,1.6448
05/05/2008,1.6424
02/05/2008,1.6554
30/04/2008,1.6614
29/04/2008,1.671
28/04/2008,1.6666
25/04/2008,1.6744
24/04/2008,1.6689
23/04/2008,1.6755
22/04/2008,1.6851
21/04/2008,1.6873
18/04/2008,1.6882
17/04/2008,1.6935
16/04/2008,1.7069
15/04/2008,1.7121
14/04/2008,1.7158
11/04/2008,1.7024
10/04/2008,1.702
09/04/2008,1.6941
08/04/2008,1.6968
07/04/2008,1.6977
04/04/2008,1.711
03/04/2008,1.7065
02/04/2008,1.7145
01/04/2008,1.7215
31/03/2008,1.7334
28/03/2008,1.7171
27/03/2008,1.7088
26/03/2008,1.7043
25/03/2008,1.7036
20/03/2008,1.7087
19/03/2008,1.6841
18/03/2008,1.6974
17/03/2008,1.7102
14/03/2008,1.6531
13/03/2008,1.6616
12/03/2008,1.6654
11/03/2008,1.6603
10/03/2008,1.6601
07/03/2008,1.6481
06/03/2008,1.6351
05/03/2008,1.6405
04/03/2008,1.6304
03/03/2008,1.6274
29/02/2008,1.6226
28/02/2008,1.6038
27/02/2008,1.6021
26/02/2008,1.6048
25/02/2008,1.6017
22/02/2008,1.6079
21/02/2008,1.6037
20/02/2008,1.6031
19/02/2008,1.5984
18/02/2008,1.604
15/02/2008,1.6189
14/02/2008,1.6164
13/02/2008,1.6251
12/02/2008,1.6057
11/02/2008,1.6061
08/02/2008,1.6233
07/02/2008,1.6367
06/02/2008,1.6315
05/02/2008,1.6263
04/02/2008,1.6336
01/02/2008,1.651
31/01/2008,1.6682
30/01/2008,1.6654
29/01/2008,1.6641
28/01/2008,1.6703
25/01/2008,1.6652
24/01/2008,1.6763
23/01/2008,1.6883
22/01/2008,1.6876
21/01/2008,1.6734
18/01/2008,1.6697
17/01/2008,1.6642
16/01/2008,1.6806
15/01/2008,1.6533
14/01/2008,1.6555
11/01/2008,1.6545
10/01/2008,1.6611
09/01/2008,1.661
08/01/2008,1.6712
07/01/2008,1.6856
04/01/2008,1.671
03/01/2008,1.674
02/01/2008,1.6673
31/12/2007,1.6757
28/12/2007,1.6731
27/12/2007,1.6624
24/12/2007,1.6527
21/12/2007,1.6613
20/12/2007,1.672
19/12/2007,1.6724
18/12/2007,1.6703
17/12/2007,1.6766
14/12/2007,1.6704
13/12/2007,1.6724
12/12/2007,1.6644
11/12/2007,1.6575
10/12/2007,1.6707
07/12/2007,1.6712
06/12/2007,1.6726
05/12/2007,1.695
04/12/2007,1.6843
03/12/2007,1.6612
30/11/2007,1.6643
29/11/2007,1.6717
28/11/2007,1.6719
27/11/2007,1.7044
26/11/2007,1.684
23/11/2007,1.6968
22/11/2007,1.7011
21/11/2007,1.6952
20/11/2007,1.6657
19/11/2007,1.6456
16/11/2007,1.6399
15/11/2007,1.6425
14/11/2007,1.6308
13/11/2007,1.6294
12/11/2007,1.6516
09/11/2007,1.5993
08/11/2007,1.5783
07/11/2007,1.5703
06/11/2007,1.5695
05/11/2007,1.5765
02/11/2007,1.5696
01/11/2007,1.5626
31/10/2007,1.5658
30/10/2007,1.5688
29/10/2007,1.5652
26/10/2007,1.5734
25/10/2007,1.5813
24/10/2007,1.5833
23/10/2007,1.5948
22/10/2007,1.612
19/10/2007,1.5932
18/10/2007,1.6054
17/10/2007,1.5901
16/10/2007,1.5929
15/10/2007,1.5685
12/10/2007,1.572
11/10/2007,1.5721
10/10/2007,1.5757
09/10/2007,1.569
08/10/2007,1.568
05/10/2007,1.5846
04/10/2007,1.5943
03/10/2007,1.596
02/10/2007,1.5972
01/10/2007,1.6022
28/09/2007,1.6073
27/09/2007,1.6079
26/09/2007,1.6153
25/09/2007,1.6339
24/09/2007,1.6249
21/09/2007,1.6324
20/09/2007,1.6248
19/09/2007,1.6407
18/09/2007,1.6594
17/09/2007,1.653
14/09/2007,1.6499
13/09/2007,1.6565
12/09/2007,1.6613
11/09/2007,1.6715
10/09/2007,1.6757
07/09/2007,1.6564
06/09/2007,1.6571
05/09/2007,1.6553
04/09/2007,1.6466
03/09/2007,1.6592
31/08/2007,1.6692
30/08/2007,1.6677
29/08/2007,1.6713
28/08/2007,1.6552
27/08/2007,1.6425
24/08/2007,1.6581
23/08/2007,1.6554
22/08/2007,1.6752
21/08/2007,1.682
20/08/2007,1.6791
17/08/2007,1.7213
16/08/2007,1.7072
15/08/2007,1.6381
14/08/2007,1.6184
13/08/2007,1.6183
10/08/2007,1.6219
09/08/2007,1.6058
08/08/2007,1.6039
07/08/2007,1.6141
06/08/2007,1.613
03/08/2007,1.5985
02/08/2007,1.596
01/08/2007,1.6049
31/07/2007,1.5951
30/07/2007,1.6121
27/07/2007,1.5839
26/07/2007,1.5561
25/07/2007,1.5536
24/07/2007,1.5631
23/07/2007,1.5645
20/07/2007,1.5676
19/07/2007,1.5722
18/07/2007,1.5702
17/07/2007,1.5755
16/07/2007,1.5774
13/07/2007,1.5879
12/07/2007,1.5967
11/07/2007,1.5963
10/07/2007,1.5876
09/07/2007,1.5832
06/07/2007,1.5875
05/07/2007,1.5854
04/07/2007,1.5875
03/07/2007,1.5902
02/07/2007,1.5859
29/06/2007,1.5885
28/06/2007,1.5918
27/06/2007,1.5965
26/06/2007,1.5849
25/06/2007,1.585
22/06/2007,1.5847
21/06/2007,1.5819
20/06/2007,1.5851
19/06/2007,1.5876
18/06/2007,1.5931
15/06/2007,1.5922
14/06/2007,1.5937
13/06/2007,1.5829
12/06/2007,1.5845
11/06/2007,1.5849
08/06/2007,1.587
07/06/2007,1.5926
06/06/2007,1.6053
05/06/2007,1.6122
04/06/2007,1.6177
01/06/2007,1.6214
31/05/2007,1.6269
30/05/2007,1.639
29/05/2007,1.6473
28/05/2007,1.6413
25/05/2007,1.6399
24/05/2007,1.6351
23/05/2007,1.6336
22/05/2007,1.6363
21/05/2007,1.6408
18/05/2007,1.6401
17/05/2007,1.6421
16/05/2007,1.636
15/05/2007,1.6279
14/05/2007,1.6276
11/05/2007,1.624
10/05/2007,1.6258
09/05/2007,1.6331
08/05/2007,1.6355
07/05/2007,1.6483
04/05/2007,1.6562
03/05/2007,1.6496
02/05/2007,1.645
30/04/2007,1.6427
27/04/2007,1.6423
26/04/2007,1.6409
25/04/2007,1.6405
24/04/2007,1.6424
23/04/2007,1.6277
20/04/2007,1.629
19/04/2007,1.6336
18/04/2007,1.6291
17/04/2007,1.6215
16/04/2007,1.6249
13/04/2007,1.6249
12/04/2007,1.6304
11/04/2007,1.6263
10/04/2007,1.6283
05/04/2007,1.6351
04/04/2007,1.6413
03/04/2007,1.6409
02/04/2007,1.6371
30/03/2007,1.6484
29/03/2007,1.6506
28/03/2007,1.6532
27/03/2007,1.649
26/03/2007,1.6456
23/03/2007,1.6519
22/03/2007,1.6542
21/03/2007,1.659
20/03/2007,1.662
19/03/2007,1.6633
16/03/2007,1.6757
15/03/2007,1.679
14/03/2007,1.6838
13/03/2007,1.6793
12/03/2007,1.6833
09/03/2007,1.6889
08/03/2007,1.689
07/03/2007,1.6867
06/03/2007,1.6951
05/03/2007,1.6897
02/03/2007,1.6806
01/03/2007,1.6814
28/02/2007,1.6761
27/02/2007,1.6695
26/02/2007,1.6614
23/02/2007,1.663
22/02/2007,1.661
21/02/2007,1.664
20/02/2007,1.6709
19/02/2007,1.6718
16/02/2007,1.6705
15/02/2007,1.6721
14/02/2007,1.6734
13/02/2007,1.6811
12/02/2007,1.6745
09/02/2007,1.6751
08/02/2007,1.6669
07/02/2007,1.6695
06/02/2007,1.6674
05/02/2007,1.6683
02/02/2007,1.6821
01/02/2007,1.6782
31/01/2007,1.6786
30/01/2007,1.679
29/01/2007,1.6728
26/01/2007,1.6684
25/01/2007,1.6639
24/01/2007,1.6631
23/01/2007,1.6436
22/01/2007,1.6382
19/01/2007,1.6453
18/01/2007,1.6423
17/01/2007,1.6429
16/01/2007,1.6511
15/01/2007,1.6503
12/01/2007,1.6544
11/01/2007,1.6573
10/01/2007,1.6664
09/01/2007,1.6675
08/01/2007,1.6675
05/01/2007,1.6697
04/01/2007,1.6681
03/01/2007,1.6645
02/01/2007,1.6694
29/12/2006,1.6691
28/12/2006,1.6699
27/12/2006,1.6765
22/12/2006,1.6792
21/12/2006,1.6785
20/12/2006,1.682
19/12/2006,1.6824
18/12/2006,1.6779
15/12/2006,1.6803
14/12/2006,1.6848
13/12/2006,1.6811
12/12/2006,1.685
11/12/2006,1.6835
08/12/2006,1.6823
07/12/2006,1.6827
06/12/2006,1.6892
05/12/2006,1.6946
04/12/2006,1.6904
01/12/2006,1.6778
30/11/2006,1.6753
29/11/2006,1.68
28/11/2006,1.6861
27/11/2006,1.6848
24/11/2006,1.6817
23/11/2006,1.6725
22/11/2006,1.6669
21/11/2006,1.6646
20/11/2006,1.6687
17/11/2006,1.6706
16/11/2006,1.668
15/11/2006,1.6733
14/11/2006,1.6765
13/11/2006,1.6796
10/11/2006,1.6755
09/11/2006,1.6689
08/11/2006,1.6601
07/11/2006,1.65
06/11/2006,1.6507
03/11/2006,1.6527
02/11/2006,1.6511
01/11/2006,1.648
31/10/2006,1.6509
30/10/2006,1.6542
27/10/2006,1.6561
26/10/2006,1.66
25/10/2006,1.6561
24/10/2006,1.657
23/10/2006,1.6555
20/10/2006,1.6607
19/10/2006,1.6603
18/10/2006,1.6618
17/10/2006,1.6616
16/10/2006,1.6623
13/10/2006,1.6689
12/10/2006,1.6723
11/10/2006,1.683
10/10/2006,1.6853
09/10/2006,1.6927
06/10/2006,1.6969
05/10/2006,1.7019
04/10/2006,1.7049
03/10/2006,1.7052
02/10/2006,1.7042
29/09/2006,1.6992
28/09/2006,1.6959
27/09/2006,1.6915
26/09/2006,1.6859
25/09/2006,1.6987
22/09/2006,1.7013
21/09/2006,1.6856
20/09/2006,1.6844
19/09/2006,1.6802
18/09/2006,1.6821
15/09/2006,1.6853
14/09/2006,1.6839
13/09/2006,1.6885
12/09/2006,1.687
11/09/2006,1.6872
08/09/2006,1.6777
07/09/2006,1.6728
06/09/2006,1.6672
05/09/2006,1.6647
04/09/2006,1.668
01/09/2006,1.6753
31/08/2006,1.681
30/08/2006,1.679
29/08/2006,1.6773
28/08/2006,1.6895
25/08/2006,1.6797
24/08/2006,1.6794
23/08/2006,1.6735
22/08/2006,1.6804
21/08/2006,1.692
18/08/2006,1.6879
17/08/2006,1.6808
16/08/2006,1.6733
15/08/2006,1.6703
14/08/2006,1.6692
11/08/2006,1.6638
10/08/2006,1.6706
09/08/2006,1.6846
08/08/2006,1.6894
07/08/2006,1.6863
04/08/2006,1.6817
03/08/2006,1.6772
02/08/2006,1.6711
01/08/2006,1.6754
31/07/2006,1.6672
28/07/2006,1.6652
27/07/2006,1.6671
26/07/2006,1.6599
25/07/2006,1.6727
24/07/2006,1.6773
21/07/2006,1.6833
20/07/2006,1.6829
19/07/2006,1.6766
18/07/2006,1.6684
17/07/2006,1.6753
14/07/2006,1.6806
13/07/2006,1.6827
12/07/2006,1.688
11/07/2006,1.6945
10/07/2006,1.7039
07/07/2006,1.7095
06/07/2006,1.7157
05/07/2006,1.7172
04/07/2006,1.715
03/07/2006,1.7214
30/06/2006,1.7117
29/06/2006,1.718
28/06/2006,1.7228
27/06/2006,1.717
26/06/2006,1.7157
23/06/2006,1.7096
22/06/2006,1.7112
21/06/2006,1.7181
20/06/2006,1.7017
19/06/2006,1.706
16/06/2006,1.7054
15/06/2006,1.7078
14/06/2006,1.7004
13/06/2006,1.697
12/06/2006,1.6856
09/06/2006,1.6902
08/06/2006,1.71
07/06/2006,1.726
06/06/2006,1.7253
05/06/2006,1.7254
02/06/2006,1.7151
01/06/2006,1.7081
31/05/2006,1.6953
30/05/2006,1.6848
29/05/2006,1.6812
26/05/2006,1.6884
25/05/2006,1.6862
24/05/2006,1.7023
23/05/2006,1.6996
22/05/2006,1.6991
19/05/2006,1.6787
18/05/2006,1.6739
17/05/2006,1.671
16/05/2006,1.6822
15/05/2006,1.6791
12/05/2006,1.6609
11/05/2006,1.6484
10/05/2006,1.6483
09/05/2006,1.6515
08/05/2006,1.6515
05/05/2006,1.6482
04/05/2006,1.6393
03/05/2006,1.6417
02/05/2006,1.661
28/04/2006,1.6599
27/04/2006,1.6546
26/04/2006,1.6623
25/04/2006,1.6636
24/04/2006,1.6562
21/04/2006,1.6623
20/04/2006,1.6594
19/04/2006,1.6596
18/04/2006,1.66
13/04/2006,1.6634
12/04/2006,1.6582
11/04/2006,1.656
10/04/2006,1.6616
07/04/2006,1.6653
06/04/2006,1.6799
05/04/2006,1.6921
04/04/2006,1.6951
03/04/2006,1.6828
31/03/2006,1.6997
30/03/2006,1.6962
29/03/2006,1.706
28/03/2006,1.6992
27/03/2006,1.6999
24/03/2006,1.6894
23/03/2006,1.6783
22/03/2006,1.6859
21/03/2006,1.6903
20/03/2006,1.6921
17/03/2006,1.6669
16/03/2006,1.6389
15/03/2006,1.6277
14/03/2006,1.6301
13/03/2006,1.6284
10/03/2006,1.6217
09/03/2006,1.6194
08/03/2006,1.6227
07/03/2006,1.618
06/03/2006,1.6169
03/03/2006,1.6123
02/03/2006,1.5974
01/03/2006,1.6047
28/02/2006,1.6051
27/02/2006,1.6072
24/02/2006,1.6062
23/02/2006,1.612
22/02/2006,1.6162
21/02/2006,1.6116
20/02/2006,1.6108
17/02/2006,1.6119
16/02/2006,1.609
15/02/2006,1.6042
14/02/2006,1.6139
13/02/2006,1.6125
10/02/2006,1.614
09/02/2006,1.6212
08/02/2006,1.6195
07/02/2006,1.6123
06/02/2006,1.6051
03/02/2006,1.6037
02/02/2006,1.6029
01/02/2006,1.6042
31/01/2006,1.607
30/01/2006,1.6118
27/01/2006,1.6188
26/01/2006,1.6223
25/01/2006,1.6273
24/01/2006,1.6363
23/01/2006,1.6287
20/01/2006,1.6129
19/01/2006,1.6217
18/01/2006,1.6181
17/01/2006,1.6045
16/01/2006,1.6066
13/01/2006,1.604
12/01/2006,1.6059
11/01/2006,1.6061
10/01/2006,1.6045
09/01/2006,1.6077
06/01/2006,1.6174
05/01/2006,1.6206
04/01/2006,1.6243
03/01/2006,1.6145
02/01/2006,1.6125
30/12/2005,1.6109
29/12/2005,1.6197
28/12/2005,1.632
27/12/2005,1.6261
23/12/2005,1.627
22/12/2005,1.6171
21/12/2005,1.6184
20/12/2005,1.6181
19/12/2005,1.611
16/12/2005,1.6122
15/12/2005,1.6026
14/12/2005,1.5892
13/12/2005,1.5822
12/12/2005,1.5831
09/12/2005,1.5709
08/12/2005,1.5762
07/12/2005,1.5686
06/12/2005,1.5644
05/12/2005,1.5698
02/12/2005,1.572
01/12/2005,1.5852
30/11/2005,1.5925
29/11/2005,1.5933
28/11/2005,1.5949
25/11/2005,1.5975
24/11/2005,1.5939
23/11/2005,1.5988
22/11/2005,1.5965
21/11/2005,1.6022
18/11/2005,1.5966
17/11/2005,1.5944
16/11/2005,1.6026
15/11/2005,1.602
14/11/2005,1.607
11/11/2005,1.5989
10/11/2005,1.6041
09/11/2005,1.5995
08/11/2005,1.6055
07/11/2005,1.6138
04/11/2005,1.6207
03/11/2005,1.6222
02/11/2005,1.6192
01/11/2005,1.609
31/10/2005,1.6037
28/10/2005,1.6114
27/10/2005,1.5983
26/10/2005,1.5981
25/10/2005,1.5976
24/10/2005,1.5969
21/10/2005,1.6005
20/10/2005,1.5919
19/10/2005,1.5961
18/10/2005,1.5997
17/10/2005,1.6024
14/10/2005,1.5982
13/10/2005,1.5993
12/10/2005,1.5927
11/10/2005,1.5929
10/10/2005,1.5929
07/10/2005,1.6016
06/10/2005,1.5929
05/10/2005,1.5726
04/10/2005,1.5627
03/10/2005,1.5653
30/09/2005,1.5828
29/09/2005,1.5831
28/09/2005,1.5858
27/09/2005,1.5907
26/09/2005,1.5919
23/09/2005,1.5935
22/09/2005,1.5909
21/09/2005,1.5834
20/09/2005,1.5768
19/09/2005,1.5887
16/09/2005,1.5933
15/09/2005,1.589
14/09/2005,1.5953
13/09/2005,1.5988
12/09/2005,1.5945
09/09/2005,1.607
08/09/2005,1.6129
07/09/2005,1.6224
06/09/2005,1.6271
05/09/2005,1.6329
02/09/2005,1.6411
01/09/2005,1.6374
31/08/2005,1.6343
30/08/2005,1.6299
29/08/2005,1.6292
26/08/2005,1.6209
25/08/2005,1.6173
24/08/2005,1.618
23/08/2005,1.6194
22/08/2005,1.6177
19/08/2005,1.6199
18/08/2005,1.6169
17/08/2005,1.6103
16/08/2005,1.604
15/08/2005,1.6036
12/08/2005,1.6105
11/08/2005,1.6103
10/08/2005,1.6207
09/08/2005,1.6246
08/08/2005,1.6145
05/08/2005,1.6069
04/08/2005,1.599
03/08/2005,1.6001
02/08/2005,1.5979
01/08/2005,1.6057
29/07/2005,1.5904
28/07/2005,1.5976
27/07/2005,1.5889
26/07/2005,1.5814
25/07/2005,1.5857
22/07/2005,1.5859
21/07/2005,1.5942
20/07/2005,1.6002
19/07/2005,1.5985
18/07/2005,1.6108
15/07/2005,1.6087
14/07/2005,1.6062
13/07/2005,1.6176
12/07/2005,1.6143
11/07/2005,1.6129
08/07/2005,1.6089
07/07/2005,1.6094
06/07/2005,1.605
05/07/2005,1.6039
04/07/2005,1.5876
01/07/2005,1.596
30/06/2005,1.5885
29/06/2005,1.5828
28/06/2005,1.579
27/06/2005,1.5815
24/06/2005,1.5647
23/06/2005,1.5593
22/06/2005,1.5601
21/06/2005,1.5617
20/06/2005,1.5695
17/06/2005,1.567
16/06/2005,1.5738
15/06/2005,1.5757
14/06/2005,1.583
13/06/2005,1.586
10/06/2005,1.5952
09/06/2005,1.5946
08/06/2005,1.6013
07/06/2005,1.601
06/06/2005,1.6104
03/06/2005,1.6241
02/06/2005,1.6305
01/06/2005,1.6347
31/05/2005,1.6309
30/05/2005,1.6386
27/05/2005,1.6475
26/05/2005,1.6473
25/05/2005,1.6528
24/05/2005,1.6527
23/05/2005,1.6599
20/05/2005,1.6636
19/05/2005,1.6669
18/05/2005,1.669
17/05/2005,1.6701
16/05/2005,1.6698
13/05/2005,1.6581
12/05/2005,1.6565
11/05/2005,1.6543
10/05/2005,1.6615
09/05/2005,1.6588
06/05/2005,1.6622
05/05/2005,1.6589
04/05/2005,1.6652
03/05/2005,1.6625
02/05/2005,1.6481
29/04/2005,1.6565
28/04/2005,1.6591
27/04/2005,1.6654
26/04/2005,1.6661
25/04/2005,1.6637
22/04/2005,1.6773
21/04/2005,1.6872
20/04/2005,1.684
19/04/2005,1.6947
18/04/2005,1.69
15/04/2005,1.6717
14/04/2005,1.6598
13/04/2005,1.6598
12/04/2005,1.6738
11/04/2005,1.6745
08/04/2005,1.6717
07/04/2005,1.6798
06/04/2005,1.6804
05/04/2005,1.6758
04/04/2005,1.6777
01/04/2005,1.6803
31/03/2005,1.6763
30/03/2005,1.679
29/03/2005,1.6736
24/03/2005,1.6803
23/03/2005,1.679
22/03/2005,1.6709
21/03/2005,1.6751
18/03/2005,1.6802
17/03/2005,1.6876
16/03/2005,1.6906
15/03/2005,1.6911
14/03/2005,1.6995
11/03/2005,1.6944
10/03/2005,1.6938
09/03/2005,1.6855
08/03/2005,1.6655
07/03/2005,1.6682
04/03/2005,1.6715
03/03/2005,1.6746
02/03/2005,1.6792
01/03/2005,1.6771
28/02/2005,1.673
25/02/2005,1.6824
24/02/2005,1.6816
23/02/2005,1.6695
22/02/2005,1.6639
21/02/2005,1.6558
18/02/2005,1.659
17/02/2005,1.6597
16/02/2005,1.6626
15/02/2005,1.6574
14/02/2005,1.6471
11/02/2005,1.6438
10/02/2005,1.6477
09/02/2005,1.6647
08/02/2005,1.6708
07/02/2005,1.6614
04/02/2005,1.6835
03/02/2005,1.68
02/02/2005,1.6864
01/02/2005,1.6896
31/01/2005,1.6826
28/01/2005,1.6847
27/01/2005,1.6847
26/01/2005,1.6879
25/01/2005,1.6988
24/01/2005,1.6995
21/01/2005,1.6979
20/01/2005,1.708
19/01/2005,1.7145
18/01/2005,1.7285
17/01/2005,1.7243
14/01/2005,1.7242
13/01/2005,1.7283
12/01/2005,1.7326
11/01/2005,1.726
10/01/2005,1.7256
07/01/2005,1.7301
06/01/2005,1.7314
05/01/2005,1.7354
04/01/2005,1.73
03/01/2005,1.7329
31/12/2004,1.7459
30/12/2004,1.7539
29/12/2004,1.7477
28/12/2004,1.7495
27/12/2004,1.7526
24/12/2004,1.7587
23/12/2004,1.758
22/12/2004,1.7442
21/12/2004,1.7476
20/12/2004,1.7516
17/12/2004,1.7479
16/12/2004,1.7516
15/12/2004,1.7561
14/12/2004,1.7494
13/12/2004,1.7505
10/12/2004,1.7609
09/12/2004,1.7639
08/12/2004,1.7586
07/12/2004,1.7319
06/12/2004,1.731
03/12/2004,1.7204
02/12/2004,1.7071
01/12/2004,1.7236
30/11/2004,1.7147
29/11/2004,1.689
26/11/2004,1.6821
25/11/2004,1.6703
24/11/2004,1.6687
23/11/2004,1.663
22/11/2004,1.6657
19/11/2004,1.6645
18/11/2004,1.6685
17/11/2004,1.6709
16/11/2004,1.678
15/11/2004,1.6767
12/11/2004,1.6861
11/11/2004,1.6974
10/11/2004,1.7005
09/11/2004,1.7049
08/11/2004,1.7031
05/11/2004,1.6967
04/11/2004,1.6992
03/11/2004,1.6941
02/11/2004,1.7046
01/11/2004,1.7079
29/10/2004,1.7088
28/10/2004,1.7127
27/10/2004,1.708
26/10/2004,1.7123
25/10/2004,1.7127
22/10/2004,1.7106
21/10/2004,1.7125
20/10/2004,1.714
19/10/2004,1.7175
18/10/2004,1.7103
15/10/2004,1.7016
14/10/2004,1.6987
13/10/2004,1.6986
12/10/2004,1.6858
11/10/2004,1.6881
08/10/2004,1.6944
07/10/2004,1.6917
06/10/2004,1.7026
05/10/2004,1.7014
04/10/2004,1.7064
01/10/2004,1.7151
30/09/2004,1.7212
29/09/2004,1.7202
28/09/2004,1.719
27/09/2004,1.719
24/09/2004,1.722
23/09/2004,1.7258
22/09/2004,1.7394
21/09/2004,1.7442
20/09/2004,1.736
17/09/2004,1.7441
16/09/2004,1.7449
15/09/2004,1.7502
14/09/2004,1.749
13/09/2004,1.7545
10/09/2004,1.7673
09/09/2004,1.7607
08/09/2004,1.7447
07/09/2004,1.7453
06/09/2004,1.7446
03/09/2004,1.745
02/09/2004,1.7437
01/09/2004,1.7305
31/08/2004,1.7298
30/08/2004,1.7187
27/08/2004,1.7094
26/08/2004,1.7141
25/08/2004,1.7122
24/08/2004,1.7121
23/08/2004,1.7006
20/08/2004,1.7027
19/08/2004,1.7124
18/08/2004,1.7235
17/08/2004,1.7211
16/08/2004,1.7207
13/08/2004,1.7231
12/08/2004,1.7131
11/08/2004,1.7167
10/08/2004,1.7149
09/08/2004,1.7107
06/08/2004,1.7158
05/08/2004,1.7112
04/08/2004,1.7079
03/08/2004,1.7183
02/08/2004,1.7146
30/07/2004,1.7165
29/07/2004,1.7283
28/07/2004,1.7266
27/07/2004,1.7079
26/07/2004,1.7114
23/07/2004,1.7175
22/07/2004,1.712
21/07/2004,1.703
20/07/2004,1.6987
19/07/2004,1.6934
16/07/2004,1.7047
15/07/2004,1.7102
14/07/2004,1.7069
13/07/2004,1.7034
12/07/2004,1.7072
09/07/2004,1.7196
08/07/2004,1.7189
07/07/2004,1.7127
06/07/2004,1.7169
05/07/2004,1.7232
02/07/2004,1.7303
01/07/2004,1.7283
30/06/2004,1.7554
29/06/2004,1.7497
28/06/2004,1.7457
25/06/2004,1.7379
24/06/2004,1.7412
23/06/2004,1.7609
22/06/2004,1.7608
21/06/2004,1.7526
18/06/2004,1.7523
17/06/2004,1.7499
16/06/2004,1.7429
15/06/2004,1.7628
14/06/2004,1.7469
11/06/2004,1.7334
10/06/2004,1.7374
09/06/2004,1.7442
08/06/2004,1.7507
07/06/2004,1.7521
04/06/2004,1.7667
03/06/2004,1.7585
02/06/2004,1.7504
01/06/2004,1.7109
31/05/2004,1.7032
28/05/2004,1.7164
27/05/2004,1.7055
26/05/2004,1.711
25/05/2004,1.7143
24/05/2004,1.7115
21/05/2004,1.7178
20/05/2004,1.7179
19/05/2004,1.7217
18/05/2004,1.7423
17/05/2004,1.737
14/05/2004,1.7199
13/05/2004,1.7255
12/05/2004,1.6976
11/05/2004,1.7009
10/05/2004,1.7035
07/05/2004,1.6782
06/05/2004,1.6595
05/05/2004,1.6638
04/05/2004,1.6611
03/05/2004,1.6606
30/04/2004,1.6577
29/04/2004,1.6525
28/04/2004,1.6304
27/04/2004,1.6212
26/04/2004,1.6144
23/04/2004,1.6226
22/04/2004,1.6238
21/04/2004,1.6254
20/04/2004,1.6119
19/04/2004,1.6106
16/04/2004,1.6191
15/04/2004,1.6156
14/04/2004,1.6065
13/04/2004,1.5781
08/04/2004,1.5915
07/04/2004,1.5871
06/04/2004,1.5931
05/04/2004,1.5995
02/04/2004,1.6095
01/04/2004,1.6125
31/03/2004,1.6052
30/03/2004,1.6179
29/03/2004,1.6285
26/03/2004,1.6314
25/03/2004,1.6404
24/03/2004,1.6337
23/03/2004,1.6355
22/03/2004,1.643
19/03/2004,1.6499
18/03/2004,1.6522
17/03/2004,1.6576
16/03/2004,1.6656
15/03/2004,1.6727
12/03/2004,1.6748
11/03/2004,1.663
10/03/2004,1.6384
09/03/2004,1.6242
08/03/2004,1.6322
05/03/2004,1.625
04/03/2004,1.6178
03/03/2004,1.6192
02/03/2004,1.6071
01/03/2004,1.6148
27/02/2004,1.6159
26/02/2004,1.6173
25/02/2004,1.6207
24/02/2004,1.6259
23/02/2004,1.6272
20/02/2004,1.6117
19/02/2004,1.6081
18/02/2004,1.6108
17/02/2004,1.6139
16/02/2004,1.6124
13/02/2004,1.6194
12/02/2004,1.6279
11/02/2004,1.6276
10/02/2004,1.6296
09/02/2004,1.6356
06/02/2004,1.6458
05/02/2004,1.6471
04/02/2004,1.6413
03/02/2004,1.642
02/02/2004,1.639
30/01/2004,1.6396
29/01/2004,1.6198
28/01/2004,1.6209
27/01/2004,1.6197
26/01/2004,1.6254
23/01/2004,1.635
22/01/2004,1.6328
21/01/2004,1.6328
20/01/2004,1.6374
19/01/2004,1.6323
16/01/2004,1.6257
15/01/2004,1.6359
14/01/2004,1.632
13/01/2004,1.6357
12/01/2004,1.6501
09/01/2004,1.6443
08/01/2004,1.6396
07/01/2004,1.651
06/01/2004,1.6539
05/01/2004,1.6541
02/01/2004,1.6683
31/12/2003,1.6802
30/12/2003,1.6742
29/12/2003,1.6801
24/12/2003,1.6727
23/12/2003,1.6878
22/12/2003,1.692
19/12/2003,1.6835
18/12/2003,1.684
17/12/2003,1.6655
16/12/2003,1.657
15/12/2003,1.6525
12/12/2003,1.6493
11/12/2003,1.6508
10/12/2003,1.6528
09/12/2003,1.6524
08/12/2003,1.6495
05/12/2003,1.6455
04/12/2003,1.6421
03/12/2003,1.6458
02/12/2003,1.6444
01/12/2003,1.6535
28/11/2003,1.6583
27/11/2003,1.6477
26/11/2003,1.6422
25/11/2003,1.6407
24/11/2003,1.6393
21/11/2003,1.645
20/11/2003,1.6463
19/11/2003,1.6484
18/11/2003,1.6412
17/11/2003,1.6467
14/11/2003,1.6355
13/11/2003,1.6244
12/11/2003,1.621
11/11/2003,1.6111
10/11/2003,1.6079
07/11/2003,1.6147
06/11/2003,1.612
05/11/2003,1.6171
04/11/2003,1.6369
03/11/2003,1.6381
31/10/2003,1.6464
30/10/2003,1.6549
29/10/2003,1.6557
28/10/2003,1.6602
27/10/2003,1.6694
24/10/2003,1.683
23/10/2003,1.6864
22/10/2003,1.665
21/10/2003,1.6784
20/10/2003,1.6805
17/10/2003,1.6813
16/10/2003,1.6882
15/10/2003,1.6936
14/10/2003,1.6996
13/10/2003,1.6948
10/10/2003,1.7056
09/10/2003,1.7039
08/10/2003,1.7038
07/10/2003,1.7071
06/10/2003,1.7013
03/10/2003,1.7081
02/10/2003,1.7131
01/10/2003,1.7134
30/09/2003,1.7101
29/09/2003,1.7023
26/09/2003,1.7018
25/09/2003,1.6852
24/09/2003,1.694
23/09/2003,1.693
22/09/2003,1.6895
19/09/2003,1.6897
18/09/2003,1.691
17/09/2003,1.6894
16/09/2003,1.6937
15/09/2003,1.7004
12/09/2003,1.6934
11/09/2003,1.7025
10/09/2003,1.6982
09/09/2003,1.7038
08/09/2003,1.7129
05/09/2003,1.6993
04/09/2003,1.6943
03/09/2003,1.6938
02/09/2003,1.692
01/09/2003,1.6981
29/08/2003,1.7012
28/08/2003,1.6941
27/08/2003,1.7039
26/08/2003,1.6809
25/08/2003,1.6723
22/08/2003,1.6758
21/08/2003,1.6716
20/08/2003,1.6911
19/08/2003,1.6925
18/08/2003,1.6965
15/08/2003,1.7089
14/08/2003,1.718
13/08/2003,1.7217
12/08/2003,1.7195
11/08/2003,1.7214
08/08/2003,1.7384
07/08/2003,1.7527
06/08/2003,1.7572
05/08/2003,1.758
04/08/2003,1.7374
01/08/2003,1.7258
31/07/2003,1.7455
30/07/2003,1.7373
29/07/2003,1.726
28/07/2003,1.7322
25/07/2003,1.7308
24/07/2003,1.7282
23/07/2003,1.74
22/07/2003,1.7372
21/07/2003,1.7416
18/07/2003,1.7303
17/07/2003,1.7152
16/07/2003,1.7102
15/07/2003,1.717
14/07/2003,1.7116
11/07/2003,1.7194
10/07/2003,1.7357
09/07/2003,1.7193
08/07/2003,1.695
07/07/2003,1.6675
04/07/2003,1.6863
03/07/2003,1.6863
02/07/2003,1.702
01/07/2003,1.7081
30/06/2003,1.7116
27/06/2003,1.7166
26/06/2003,1.7174
25/06/2003,1.7271
24/06/2003,1.7381
23/06/2003,1.7368
20/06/2003,1.737
19/06/2003,1.7425
18/06/2003,1.7459
17/06/2003,1.764
16/06/2003,1.773
13/06/2003,1.768
12/06/2003,1.7696
11/06/2003,1.778
10/06/2003,1.7768
09/06/2003,1.7775
06/06/2003,1.7822
05/06/2003,1.7678
04/06/2003,1.7582
03/06/2003,1.7806
02/06/2003,1.7906
30/05/2003,1.8136
29/05/2003,1.8256
28/05/2003,1.8008
27/05/2003,1.8041
26/05/2003,1.7953
23/05/2003,1.786
22/05/2003,1.7795
21/05/2003,1.7775
20/05/2003,1.7756
19/05/2003,1.7808
16/05/2003,1.7736
15/05/2003,1.7756
14/05/2003,1.781
13/05/2003,1.782
12/05/2003,1.7868
09/05/2003,1.7806
08/05/2003,1.7839
07/05/2003,1.7805
06/05/2003,1.7801
05/05/2003,1.7746
02/05/2003,1.7802
30/04/2003,1.7822
29/04/2003,1.7726
28/04/2003,1.7759
25/04/2003,1.782
24/04/2003,1.7819
23/04/2003,1.7646
22/04/2003,1.7659
17/04/2003,1.7789
16/04/2003,1.7724
15/04/2003,1.7831
14/04/2003,1.7826
11/04/2003,1.7765
10/04/2003,1.7837
09/04/2003,1.7807
08/04/2003,1.7768
07/04/2003,1.7812
04/04/2003,1.7842
03/04/2003,1.7936
02/04/2003,1.8023
01/04/2003,1.8048
31/03/2003,1.8076
28/03/2003,1.7853
27/03/2003,1.7852
26/03/2003,1.783
25/03/2003,1.7908
24/03/2003,1.7928
21/03/2003,1.7831
20/03/2003,1.788
19/03/2003,1.7863
18/03/2003,1.7973
17/03/2003,1.8011
14/03/2003,1.8075
13/03/2003,1.8346
12/03/2003,1.8446
11/03/2003,1.8143
10/03/2003,1.7948
07/03/2003,1.7898
06/03/2003,1.784
05/03/2003,1.7778
04/03/2003,1.7808
03/03/2003,1.7653
28/02/2003,1.7816
27/02/2003,1.7802
26/02/2003,1.7757
25/02/2003,1.7789
24/02/2003,1.781
21/02/2003,1.8081
20/02/2003,1.8059
19/02/2003,1.808
18/02/2003,1.814
17/02/2003,1.8178
14/02/2003,1.8186
13/02/2003,1.8216
12/02/2003,1.813
11/02/2003,1.818
10/02/2003,1.823
07/02/2003,1.8281
06/02/2003,1.8312
05/02/2003,1.8425
04/02/2003,1.8361
03/02/2003,1.8405
31/01/2003,1.8397
30/01/2003,1.8285
29/01/2003,1.8395
28/01/2003,1.8367
27/01/2003,1.8338
24/01/2003,1.8235
23/01/2003,1.819
22/01/2003,1.8273
21/01/2003,1.8134
20/01/2003,1.8056
17/01/2003,1.8012
16/01/2003,1.8028
15/01/2003,1.8024
14/01/2003,1.8115
13/01/2003,1.8109
10/01/2003,1.8107
09/01/2003,1.8172
08/01/2003,1.8132
07/01/2003,1.816
06/01/2003,1.8281
03/01/2003,1.844
02/01/2003,1.8554
31/12/2002,1.8556
30/12/2002,1.8515
27/12/2002,1.8446
24/12/2002,1.8262
23/12/2002,1.829
20/12/2002,1.8145
19/12/2002,1.8165
18/12/2002,1.812
17/12/2002,1.814
16/12/2002,1.807
13/12/2002,1.805
12/12/2002,1.7942
11/12/2002,1.7955
10/12/2002,1.7946
09/12/2002,1.7927
06/12/2002,1.7847
05/12/2002,1.7813
04/12/2002,1.7854
03/12/2002,1.7827
02/12/2002,1.7649
29/11/2002,1.7755
28/11/2002,1.7806
27/11/2002,1.7829
26/11/2002,1.7698
25/11/2002,1.7692
22/11/2002,1.7788
21/11/2002,1.7845
20/11/2002,1.7915
19/11/2002,1.7988
18/11/2002,1.7896
15/11/2002,1.7805
14/11/2002,1.7935
13/11/2002,1.7983
12/11/2002,1.7952
11/11/2002,1.8075
08/11/2002,1.7861
07/11/2002,1.7758
06/11/2002,1.7756
05/11/2002,1.7815
04/11/2002,1.7726
01/11/2002,1.7915
31/10/2002,1.7813
30/10/2002,1.7741
29/10/2002,1.7579
28/10/2002,1.7501
25/10/2002,1.7572
24/10/2002,1.7543
23/10/2002,1.7668
22/10/2002,1.7643
21/10/2002,1.7616
18/10/2002,1.7665
17/10/2002,1.774
16/10/2002,1.7947
15/10/2002,1.7948
14/10/2002,1.8063
11/10/2002,1.7981
10/10/2002,1.7998
09/10/2002,1.7925
08/10/2002,1.7878
07/10/2002,1.7832
04/10/2002,1.8024
03/10/2002,1.8179
02/10/2002,1.8067
01/10/2002,1.8185
30/09/2002,1.8101
27/09/2002,1.7948
26/09/2002,1.8021
25/09/2002,1.7913
24/09/2002,1.8087
23/09/2002,1.7982
20/09/2002,1.7919
19/09/2002,1.7778
18/09/2002,1.7764
17/09/2002,1.7683
16/09/2002,1.7692
13/09/2002,1.7793
12/09/2002,1.7646
11/09/2002,1.7826
10/09/2002,1.775
09/09/2002,1.7935
06/09/2002,1.8222
05/09/2002,1.832
04/09/2002,1.8262
03/09/2002,1.8016
02/09/2002,1.7803
30/08/2002,1.78
29/08/2002,1.783
28/08/2002,1.7782
27/08/2002,1.7666
26/08/2002,1.7845
23/08/2002,1.784
22/08/2002,1.8087
21/08/2002,1.79
20/08/2002,1.794
19/08/2002,1.8018
16/08/2002,1.802
15/08/2002,1.8069
14/08/2002,1.8312
13/08/2002,1.8217
12/08/2002,1.8083
09/08/2002,1.8153
08/08/2002,1.8113
07/08/2002,1.8206
06/08/2002,1.8391
05/08/2002,1.8327
02/08/2002,1.8277
01/08/2002,1.8121
31/07/2002,1.7885
30/07/2002,1.8055
29/07/2002,1.8213
26/07/2002,1.8548
25/07/2002,1.8495
24/07/2002,1.8494
23/07/2002,1.823
22/07/2002,1.8243
19/07/2002,1.8271
18/07/2002,1.8225
17/07/2002,1.8143
16/07/2002,1.8054
15/07/2002,1.7839
12/07/2002,1.7647
11/07/2002,1.766
10/07/2002,1.7405
09/07/2002,1.7536
08/07/2002,1.7445
05/07/2002,1.745
04/07/2002,1.7608
03/07/2002,1.7526
02/07/2002,1.7563
01/07/2002,1.7667
28/06/2002,1.7702
27/06/2002,1.743
26/06/2002,1.727
25/06/2002,1.7026
24/06/2002,1.6952
21/06/2002,1.6831
20/06/2002,1.686
19/06/2002,1.6891
18/06/2002,1.6836
17/06/2002,1.6899
14/06/2002,1.672
13/06/2002,1.6568
12/06/2002,1.6594
11/06/2002,1.6623
10/06/2002,1.6583
07/06/2002,1.6482
06/06/2002,1.6401
05/06/2002,1.636
04/06/2002,1.64
03/06/2002,1.6424
31/05/2002,1.6514
30/05/2002,1.66
29/05/2002,1.6494
28/05/2002,1.6503
27/05/2002,1.6516
24/05/2002,1.6578
23/05/2002,1.6598
22/05/2002,1.6598
21/05/2002,1.6591
20/05/2002,1.6684
17/05/2002,1.6605
16/05/2002,1.661
15/05/2002,1.6533
14/05/2002,1.6596
13/05/2002,1.6686
10/05/2002,1.677
09/05/2002,1.6753
08/05/2002,1.678
07/05/2002,1.6867
06/05/2002,1.6982
03/05/2002,1.6876
02/05/2002,1.6824
30/04/2002,1.6772
29/04/2002,1.6689
26/04/2002,1.6507
25/04/2002,1.6471
24/04/2002,1.6475
23/04/2002,1.6492
22/04/2002,1.6464
19/04/2002,1.6464
18/04/2002,1.6528
17/04/2002,1.6524
16/04/2002,1.6582
15/04/2002,1.6525
12/04/2002,1.6455
11/04/2002,1.6451
10/04/2002,1.6576
09/04/2002,1.655
08/04/2002,1.6626
05/04/2002,1.6531
04/04/2002,1.6567
03/04/2002,1.6572
02/04/2002,1.6464
28/03/2002,1.6382
27/03/2002,1.6569
26/03/2002,1.6529
25/03/2002,1.6477
22/03/2002,1.6536
21/03/2002,1.6619
20/03/2002,1.6638
19/03/2002,1.6837
18/03/2002,1.6793
15/03/2002,1.6879
14/03/2002,1.688
13/03/2002,1.681
12/03/2002,1.681
11/03/2002,1.6785
08/03/2002,1.6785
07/03/2002,1.673
06/03/2002,1.6743
05/03/2002,1.6692
04/03/2002,1.662
01/03/2002,1.6783
28/02/2002,1.6761
27/02/2002,1.6832
26/02/2002,1.6891
25/02/2002,1.6995
22/02/2002,1.6975
21/02/2002,1.6883
20/02/2002,1.6903
19/02/2002,1.683
18/02/2002,1.684
15/02/2002,1.6833
14/02/2002,1.6864
13/02/2002,1.719
12/02/2002,1.721
11/02/2002,1.7141
08/02/2002,1.7125
07/02/2002,1.707
06/02/2002,1.7067
05/02/2002,1.6993
04/02/2002,1.693
01/02/2002,1.6933
31/01/2002,1.6976
30/01/2002,1.7074
29/01/2002,1.677
28/01/2002,1.6679
25/01/2002,1.6805
24/01/2002,1.6976
23/01/2002,1.7013
22/01/2002,1.7015
21/01/2002,1.7072
18/01/2002,1.7129
17/01/2002,1.7137
16/01/2002,1.7136
15/01/2002,1.7196
14/01/2002,1.7229
11/01/2002,1.7119
10/01/2002,1.6968
09/01/2002,1.707
08/01/2002,1.711
07/01/2002,1.718
04/01/2002,1.728
03/01/2002,1.752
02/01/2002,1.7603
28/12/2001,1.728
27/12/2001,1.7384
24/12/2001,1.7319
21/12/2001,1.7649
20/12/2001,1.7677
19/12/2001,1.7465
18/12/2001,1.7452
17/12/2001,1.7458
14/12/2001,1.7398
13/12/2001,1.7241
12/12/2001,1.7235
11/12/2001,1.7325
10/12/2001,1.7209
07/12/2001,1.7245
06/12/2001,1.7176
05/12/2001,1.7323
04/12/2001,1.7227
03/12/2001,1.7203
30/11/2001,1.7073
29/11/2001,1.7125
28/11/2001,1.695
27/11/2001,1.683
26/11/2001,1.7007
23/11/2001,1.701
22/11/2001,1.7006
21/11/2001,1.6982
20/11/2001,1.6941
19/11/2001,1.6868
16/11/2001,1.6893
15/11/2001,1.6989
14/11/2001,1.6855
13/11/2001,1.704
12/11/2001,1.7166
09/11/2001,1.7347
08/11/2001,1.7434
07/11/2001,1.7485
06/11/2001,1.747
05/11/2001,1.7665
02/11/2001,1.7864
01/11/2001,1.7781
31/10/2001,1.7942
30/10/2001,1.7816
29/10/2001,1.7833
26/10/2001,1.7767
25/10/2001,1.7563
24/10/2001,1.755
23/10/2001,1.747
22/10/2001,1.7672
19/10/2001,1.7793
18/10/2001,1.775
17/10/2001,1.7628
16/10/2001,1.7641
15/10/2001,1.7702
12/10/2001,1.809
11/10/2001,1.8133
10/10/2001,1.8189
09/10/2001,1.8247
08/10/2001,1.817
05/10/2001,1.8093
04/10/2001,1.8306
03/10/2001,1.8463
02/10/2001,1.8622
01/10/2001,1.8536
28/09/2001,1.842
27/09/2001,1.895
26/09/2001,1.8575
25/09/2001,1.861
24/09/2001,1.8626
21/09/2001,1.9
20/09/2001,1.8748
19/09/2001,1.8837
18/09/2001,1.8652
17/09/2001,1.848
14/09/2001,1.7844
13/09/2001,1.7607
12/09/2001,1.7568
11/09/2001,1.7453
10/09/2001,1.7634
07/09/2001,1.7232
06/09/2001,1.7002
05/09/2001,1.708
04/09/2001,1.717
03/09/2001,1.7225
31/08/2001,1.7305
30/08/2001,1.7139
29/08/2001,1.7202
28/08/2001,1.7162
27/08/2001,1.7231
24/08/2001,1.718
23/08/2001,1.7118
22/08/2001,1.7114
21/08/2001,1.711
20/08/2001,1.7145
17/08/2001,1.712
16/08/2001,1.7358
15/08/2001,1.7291
14/08/2001,1.738
13/08/2001,1.7329
10/08/2001,1.7332
09/08/2001,1.7135
08/08/2001,1.701
07/08/2001,1.702
06/08/2001,1.7055
03/08/2001,1.702
02/08/2001,1.6951
01/08/2001,1.7188
31/07/2001,1.7282
30/07/2001,1.7314
27/07/2001,1.7323
26/07/2001,1.724
25/07/2001,1.7363
24/07/2001,1.7152
23/07/2001,1.7103
20/07/2001,1.7111
19/07/2001,1.6931
18/07/2001,1.6894
17/07/2001,1.6811
16/07/2001,1.683
13/07/2001,1.6821
12/07/2001,1.6927
11/07/2001,1.6842
10/07/2001,1.674
09/07/2001,1.6724
06/07/2001,1.6578
05/07/2001,1.6268
04/07/2001,1.6282
03/07/2001,1.6423
02/07/2001,1.6612
29/06/2001,1.6735
28/06/2001,1.6635
27/06/2001,1.6587
26/06/2001,1.6621
25/06/2001,1.663
22/06/2001,1.651
21/06/2001,1.654
20/06/2001,1.644
19/06/2001,1.638
18/06/2001,1.6444
15/06/2001,1.6426
14/06/2001,1.6212
13/06/2001,1.6221
12/06/2001,1.6137
11/06/2001,1.6157
08/06/2001,1.6187
07/06/2001,1.6375
06/06/2001,1.6589
05/06/2001,1.6675
04/06/2001,1.6695
01/06/2001,1.666
31/05/2001,1.6727
30/05/2001,1.6673
29/05/2001,1.6608
28/05/2001,1.6505
25/05/2001,1.6485
24/05/2001,1.6713
23/05/2001,1.6575
22/05/2001,1.6593
21/05/2001,1.6575
18/05/2001,1.6687
17/05/2001,1.6688
16/05/2001,1.6922
15/05/2001,1.6962
14/05/2001,1.6907
11/05/2001,1.6742
10/05/2001,1.6923
09/05/2001,1.6948
08/05/2001,1.7051
07/05/2001,1.72
04/05/2001,1.7157
03/05/2001,1.7078
02/05/2001,1.7158
30/04/2001,1.7476
27/04/2001,1.7631
26/04/2001,1.7747
25/04/2001,1.775
24/04/2001,1.7823
23/04/2001,1.7794
20/04/2001,1.7437
19/04/2001,1.7422
18/04/2001,1.7676
17/04/2001,1.7404
12/04/2001,1.7425
11/04/2001,1.7635
10/04/2001,1.8063
09/04/2001,1.8248
06/04/2001,1.8189
05/04/2001,1.836
04/04/2001,1.8549
03/04/2001,1.8304
02/04/2001,1.8165
30/03/2001,1.8158
29/03/2001,1.7941
28/03/2001,1.7919
27/03/2001,1.7995
26/03/2001,1.8075
23/03/2001,1.8117
22/03/2001,1.8126
21/03/2001,1.8057
20/03/2001,1.8097
19/03/2001,1.796
16/03/2001,1.8112
15/03/2001,1.8353
14/03/2001,1.8386
13/03/2001,1.8293
12/03/2001,1.8253
09/03/2001,1.8268
08/03/2001,1.8321
07/03/2001,1.8137
06/03/2001,1.7903
05/03/2001,1.7812
02/03/2001,1.7745
01/03/2001,1.7554
28/02/2001,1.7557
27/02/2001,1.7428
26/02/2001,1.7338
23/02/2001,1.736
22/02/2001,1.7341
21/02/2001,1.7362
20/02/2001,1.7316
19/02/2001,1.7405
16/02/2001,1.7263
15/02/2001,1.7332
14/02/2001,1.7326
13/02/2001,1.7252
12/02/2001,1.7285
09/02/2001,1.717
08/02/2001,1.698
07/02/2001,1.703
06/02/2001,1.7005
05/02/2001,1.7057
02/02/2001,1.6959
01/02/2001,1.6962
31/01/2001,1.7034
30/01/2001,1.6882
29/01/2001,1.6925
26/01/2001,1.7043
25/01/2001,1.6817
24/01/2001,1.6889
23/01/2001,1.6945
22/01/2001,1.6816
19/01/2001,1.6817
18/01/2001,1.693
17/01/2001,1.6875
16/01/2001,1.6928
15/01/2001,1.7048
12/01/2001,1.7003
11/01/2001,1.705
10/01/2001,1.6847
09/01/2001,1.6767
08/01/2001,1.6745
05/01/2001,1.6734
04/01/2001,1.6755
03/01/2001,1.6915
02/01/2001,1.6845
29/12/2000,1.677
28/12/2000,1.675
27/12/2000,1.6741
22/12/2000,1.6609
21/12/2000,1.658
20/12/2000,1.651
19/12/2000,1.647
18/12/2000,1.6509
15/12/2000,1.6459
14/12/2000,1.6306
13/12/2000,1.6192
12/12/2000,1.62
11/12/2000,1.6249
08/12/2000,1.6285
07/12/2000,1.6282
06/12/2000,1.6182
05/12/2000,1.6288
04/12/2000,1.634
01/12/2000,1.6302
30/11/2000,1.6551
29/11/2000,1.6488
28/11/2000,1.6226
27/11/2000,1.616
24/11/2000,1.6128
23/11/2000,1.6221
22/11/2000,1.6236
21/11/2000,1.6587
20/11/2000,1.6535
17/11/2000,1.6402
16/11/2000,1.6478
15/11/2000,1.6516
14/11/2000,1.6497
13/11/2000,1.6576
10/11/2000,1.6492
09/11/2000,1.6256
08/11/2000,1.6195
07/11/2000,1.63
06/11/2000,1.6425
03/11/2000,1.652
02/11/2000,1.638
01/11/2000,1.6341
31/10/2000,1.6377
30/10/2000,1.6115
27/10/2000,1.601
26/10/2000,1.5963
25/10/2000,1.5978
24/10/2000,1.5862
23/10/2000,1.5788
20/10/2000,1.5958
19/10/2000,1.6236
18/10/2000,1.6345
17/10/2000,1.6357
16/10/2000,1.6194
13/10/2000,1.6242
12/10/2000,1.6292
11/10/2000,1.624
10/10/2000,1.6385
09/10/2000,1.6275
06/10/2000,1.6308
05/10/2000,1.6305
04/10/2000,1.6263
03/10/2000,1.6175
02/10/2000,1.6199
29/09/2000,1.618
28/09/2000,1.6073
27/09/2000,1.615
26/09/2000,1.5992
25/09/2000,1.6088
22/09/2000,1.595
21/09/2000,1.58
20/09/2000,1.5645
19/09/2000,1.5736
18/09/2000,1.5692
15/09/2000,1.566
14/09/2000,1.5735
13/09/2000,1.5613
12/09/2000,1.5428
11/09/2000,1.542
08/09/2000,1.5612
07/09/2000,1.565
06/09/2000,1.5605
05/09/2000,1.5539
04/09/2000,1.5632
01/09/2000,1.5534
31/08/2000,1.5547
30/08/2000,1.5606
29/08/2000,1.568
28/08/2000,1.5733
25/08/2000,1.5731
24/08/2000,1.5742
23/08/2000,1.5659
22/08/2000,1.5328
21/08/2000,1.5315
18/08/2000,1.5412
17/08/2000,1.5451
16/08/2000,1.5447
15/08/2000,1.5607
14/08/2000,1.5575
11/08/2000,1.5702
10/08/2000,1.5585
09/08/2000,1.5503
08/08/2000,1.5417
07/08/2000,1.5502
04/08/2000,1.5517
03/08/2000,1.549
02/08/2000,1.5701
01/08/2000,1.5965
31/07/2000,1.5986
28/07/2000,1.5752
27/07/2000,1.5898
26/07/2000,1.5909
25/07/2000,1.6072
24/07/2000,1.5905
21/07/2000,1.5945
20/07/2000,1.5951
19/07/2000,1.592
18/07/2000,1.6025
17/07/2000,1.6003
14/07/2000,1.599
13/07/2000,1.5832
12/07/2000,1.608
11/07/2000,1.6168
10/07/2000,1.604
07/07/2000,1.613
06/07/2000,1.6165
05/07/2000,1.6054
04/07/2000,1.5871
03/07/2000,1.584
30/06/2000,1.5894
29/06/2000,1.5729
28/06/2000,1.5666
27/06/2000,1.565
26/06/2000,1.5687
23/06/2000,1.5788
22/06/2000,1.5685
21/06/2000,1.5783
20/06/2000,1.5786
19/06/2000,1.6022
16/06/2000,1.5724
15/06/2000,1.5855
14/06/2000,1.5996
13/06/2000,1.6075
12/06/2000,1.6162
09/06/2000,1.6196
08/06/2000,1.6315
07/06/2000,1.622
06/06/2000,1.6287
05/06/2000,1.6164
02/06/2000,1.6295
01/06/2000,1.6306
31/05/2000,1.625
30/05/2000,1.621
29/05/2000,1.614
26/05/2000,1.6002
25/05/2000,1.581
24/05/2000,1.5908
23/05/2000,1.58
22/05/2000,1.5766
19/05/2000,1.557
18/05/2000,1.578
17/05/2000,1.5723
16/05/2000,1.576
15/05/2000,1.5936
12/05/2000,1.5636
11/05/2000,1.5765
10/05/2000,1.5612
09/05/2000,1.5545
08/05/2000,1.5228
05/05/2000,1.5156
04/05/2000,1.5155
03/05/2000,1.5156
02/05/2000,1.5558
28/04/2000,1.5552
27/04/2000,1.5575
26/04/2000,1.5608
25/04/2000,1.5637
20/04/2000,1.5795
19/04/2000,1.584
18/04/2000,1.6006
17/04/2000,1.6168
14/04/2000,1.5999
13/04/2000,1.5916
12/04/2000,1.6078
11/04/2000,1.6099
10/04/2000,1.6025
07/04/2000,1.6043
06/04/2000,1.5962
05/04/2000,1.5954
04/04/2000,1.5809
03/04/2000,1.5741
31/03/2000,1.5811
30/03/2000,1.5611
29/03/2000,1.5735
28/03/2000,1.5721
27/03/2000,1.5818
24/03/2000,1.6005
23/03/2000,1.5968
22/03/2000,1.5817
21/03/2000,1.5929
20/03/2000,1.6038
17/03/2000,1.5881
16/03/2000,1.5753
15/03/2000,1.5737
14/03/2000,1.5631
13/03/2000,1.5819
10/03/2000,1.5658
09/03/2000,1.5702
08/03/2000,1.5721
07/03/2000,1.5879
06/03/2000,1.596
03/03/2000,1.5913
02/03/2000,1.5952
01/03/2000,1.597
29/02/2000,1.5795
28/02/2000,1.571
25/02/2000,1.5834
24/02/2000,1.6067
23/02/2000,1.6225
22/02/2000,1.5976
21/02/2000,1.5717
18/02/2000,1.5627
17/02/2000,1.5646
16/02/2000,1.5531
15/02/2000,1.5597
14/02/2000,1.5636
11/02/2000,1.5526
10/02/2000,1.5587
09/02/2000,1.562
08/02/2000,1.5634
07/02/2000,1.5261
04/02/2000,1.557
03/02/2000,1.5382
02/02/2000,1.5273
01/02/2000,1.5277
31/01/2000,1.543
28/01/2000,1.5178
27/01/2000,1.5289
26/01/2000,1.5282
25/01/2000,1.5275
24/01/2000,1.5295
21/01/2000,1.5215
20/01/2000,1.5182
19/01/2000,1.5222
18/01/2000,1.5222
17/01/2000,1.5212
14/01/2000,1.5332
13/01/2000,1.545
12/01/2000,1.5653
11/01/2000,1.5664
10/01/2000,1.5587
07/01/2000,1.5738
06/01/2000,1.5828
05/01/2000,1.5773
04/01/2000,1.5677
03/01/2000,1.5346
30/12/1999,1.5422
29/12/1999,1.5532
28/12/1999,1.5667
27/12/1999,1.5749
24/12/1999,1.5781
23/12/1999,1.5676
22/12/1999,1.5612
21/12/1999,1.5685
20/12/1999,1.5713
17/12/1999,1.5723
16/12/1999,1.5864
15/12/1999,1.5779
14/12/1999,1.5795
13/12/1999,1.5924
10/12/1999,1.5972
09/12/1999,1.5901
08/12/1999,1.6061
07/12/1999,1.6077
06/12/1999,1.6069
03/12/1999,1.5872
02/12/1999,1.5843
01/12/1999,1.5839
30/11/1999,1.5918
29/11/1999,1.5808
26/11/1999,1.5855
25/11/1999,1.6082
24/11/1999,1.6147
23/11/1999,1.6194
22/11/1999,1.6152
19/11/1999,1.608
18/11/1999,1.623
17/11/1999,1.62
16/11/1999,1.6076
15/11/1999,1.5989
12/11/1999,1.6021
11/11/1999,1.6205
10/11/1999,1.6249
09/11/1999,1.6372
08/11/1999,1.6262
05/11/1999,1.6359
04/11/1999,1.6499
03/11/1999,1.6284
02/11/1999,1.6393
01/11/1999,1.6554
29/10/1999,1.6361
28/10/1999,1.6373
27/10/1999,1.6327
26/10/1999,1.6281
25/10/1999,1.6419
22/10/1999,1.6522
21/10/1999,1.6631
20/10/1999,1.6623
19/10/1999,1.6726
18/10/1999,1.6877
15/10/1999,1.6769
14/10/1999,1.6528
13/10/1999,1.6395
12/10/1999,1.6281
11/10/1999,1.6256
08/10/1999,1.6212
07/10/1999,1.6238
06/10/1999,1.6249
05/10/1999,1.6053
04/10/1999,1.6259
01/10/1999,1.6307
30/09/1999,1.6395
29/09/1999,1.6093
28/09/1999,1.6074
27/09/1999,1.5917
24/09/1999,1.6101
23/09/1999,1.6124
22/09/1999,1.6131
21/09/1999,1.6083
20/09/1999,1.6168
17/09/1999,1.6013
16/09/1999,1.6028
15/09/1999,1.5985
14/09/1999,1.5826
13/09/1999,1.5771
10/09/1999,1.6144
09/09/1999,1.6282
08/09/1999,1.635
07/09/1999,1.6392
06/09/1999,1.6446
03/09/1999,1.6556
02/09/1999,1.6558
01/09/1999,1.6649
31/08/1999,1.6564
30/08/1999,1.6501
27/08/1999,1.6488
26/08/1999,1.6539
25/08/1999,1.6512
24/08/1999,1.6463
23/08/1999,1.6639
20/08/1999,1.6763
19/08/1999,1.655
18/08/1999,1.6351
17/08/1999,1.6242
16/08/1999,1.6184
13/08/1999,1.6383
12/08/1999,1.639
11/08/1999,1.6453
10/08/1999,1.6476
09/08/1999,1.6449
06/08/1999,1.6459
05/08/1999,1.6449
04/08/1999,1.633
03/08/1999,1.6293
02/08/1999,1.6441
30/07/1999,1.6405
29/07/1999,1.6455
28/07/1999,1.6465
27/07/1999,1.648
26/07/1999,1.6483
23/07/1999,1.6175
22/07/1999,1.6199
21/07/1999,1.6235
20/07/1999,1.5963
19/07/1999,1.5438
16/07/1999,1.5459
15/07/1999,1.5435
14/07/1999,1.541
13/07/1999,1.5391
12/07/1999,1.5296
09/07/1999,1.5289
08/07/1999,1.5342
07/07/1999,1.5417
06/07/1999,1.5274
05/07/1999,1.537
02/07/1999,1.5347
01/07/1999,1.5336
30/06/1999,1.5598
29/06/1999,1.5775
28/06/1999,1.5781
25/06/1999,1.5746
24/06/1999,1.5672
23/06/1999,1.5689
22/06/1999,1.5847
21/06/1999,1.5804
18/06/1999,1.5907
17/06/1999,1.569
16/06/1999,1.5754
15/06/1999,1.5735
14/06/1999,1.5765
11/06/1999,1.5796
10/06/1999,1.5834
09/06/1999,1.5777
08/06/1999,1.5732
07/06/1999,1.5621
04/06/1999,1.5837
03/06/1999,1.6082
02/06/1999,1.6075
01/06/1999,1.6187
31/05/1999,1.6074
28/05/1999,1.6046
27/05/1999,1.6057
26/05/1999,1.6205
25/05/1999,1.6134
24/05/1999,1.6103
21/05/1999,1.5906
20/05/1999,1.6083
19/05/1999,1.6051
18/05/1999,1.5896
17/05/1999,1.6117
14/05/1999,1.6051
13/05/1999,1.5891
12/05/1999,1.5961
11/05/1999,1.597
10/05/1999,1.6012
07/05/1999,1.6122
06/05/1999,1.6107
05/05/1999,1.6194
04/05/1999,1.5996
03/05/1999,1.5987
30/04/1999,1.6078
29/04/1999,1.6123
28/04/1999,1.6324
27/04/1999,1.6429
26/04/1999,1.6349
23/04/1999,1.6257
22/04/1999,1.6366
21/04/1999,1.6349
20/04/1999,1.6374
19/04/1999,1.6325
16/04/1999,1.6535
15/04/1999,1.6981
14/04/1999,1.6886
13/04/1999,1.692
12/04/1999,1.7106
09/04/1999,1.7162
08/04/1999,1.7324
07/04/1999,1.7213
06/04/1999,1.7063
05/04/1999,1.6956
02/04/1999,1.6992
01/04/1999,1.6928
31/03/1999,1.706
30/03/1999,1.7003
29/03/1999,1.6904
26/03/1999,1.6998
25/03/1999,1.7102
24/03/1999,1.7094
23/03/1999,1.7044
22/03/1999,1.7174
19/03/1999,1.7316
18/03/1999,1.7458
17/03/1999,1.7502
16/03/1999,1.7365
15/03/1999,1.7325
12/03/1999,1.7247
11/03/1999,1.7144
10/03/1999,1.7237
09/03/1999,1.7125
08/03/1999,1.7348
05/03/1999,1.7329
04/03/1999,1.7494
03/03/1999,1.7454
02/03/1999,1.7492
01/03/1999,1.7766
26/02/1999,1.7819
25/02/1999,1.7566
24/02/1999,1.7465
23/02/1999,1.7145
22/02/1999,1.7237
19/02/1999,1.7502
18/02/1999,1.7687
17/02/1999,1.7751
16/02/1999,1.7467
15/02/1999,1.7353
12/02/1999,1.7459
11/02/1999,1.7427
10/02/1999,1.7569
09/02/1999,1.7548
08/02/1999,1.723
05/02/1999,1.7294
04/02/1999,1.7541
03/02/1999,1.7609
02/02/1999,1.7741
01/02/1999,1.7882
29/01/1999,1.8087
28/01/1999,1.8262
27/01/1999,1.8313
26/01/1999,1.8391
25/01/1999,1.8317
22/01/1999,1.8225
21/01/1999,1.8171
20/01/1999,1.8064
19/01/1999,1.8295
18/01/1999,1.8292
15/01/1999,1.8388
14/01/1999,1.8353
13/01/1999,1.862
12/01/1999,1.809
11/01/1999,1.8134
08/01/1999,1.8406
07/01/1999,1.8474
06/01/1999,1.882
05/01/1999,1.8944
04/01/1999,1.91
